GAME_ID,Date,Start (ET),Visitor/Neutral,Visitor_PTS,Home/Neutral,Home_PTS,Notes
1,"Tue, Oct 25, 2016",7:30 PM,New York Knicks,88,Cleveland Cavaliers,117,
2,"Tue, Oct 25, 2016",10:30 PM,San Antonio Spurs,129,Golden State Warriors,100,
3,"Tue, Oct 25, 2016",10:00 PM,Utah Jazz,104,Portland Trail Blazers,113,
4,"Wed, Oct 26, 2016",7:30 PM,Brooklyn Nets,117,Boston Celtics,122,
5,"Wed, Oct 26, 2016",7:00 PM,Dallas Mavericks,121,Indiana Pacers,130,OT
6,"Wed, Oct 26, 2016",10:30 PM,Houston Rockets,114,Los Angeles Lakers,120,
7,"Wed, Oct 26, 2016",8:00 PM,Minnesota Timberwolves,98,Memphis Grizzlies,102,
8,"Wed, Oct 26, 2016",8:00 PM,Charlotte Hornets,107,Milwaukee Bucks,96,
9,"Wed, Oct 26, 2016",8:00 PM,Denver Nuggets,107,New Orleans Pelicans,102,
10,"Wed, Oct 26, 2016",7:00 PM,Miami Heat,108,Orlando Magic,96,
11,"Wed, Oct 26, 2016",8:00 PM,Oklahoma City Thunder,103,Philadelphia 76ers,97,
12,"Wed, Oct 26, 2016",10:00 PM,Sacramento Kings,113,Phoenix Suns,94,
13,"Wed, Oct 26, 2016",7:30 PM,Detroit Pistons,91,Toronto Raptors,109,
14,"Thu, Oct 27, 2016",7:30 PM,Washington Wizards,99,Atlanta Hawks,114,
15,"Thu, Oct 27, 2016",8:00 PM,Boston Celtics,99,Chicago Bulls,105,
16,"Thu, Oct 27, 2016",10:30 PM,Los Angeles Clippers,114,Portland Trail Blazers,106,
17,"Thu, Oct 27, 2016",10:30 PM,San Antonio Spurs,102,Sacramento Kings,94,
18,"Fri, Oct 28, 2016",7:30 PM,Indiana Pacers,94,Brooklyn Nets,103,
19,"Fri, Oct 28, 2016",8:30 PM,Houston Rockets,106,Dallas Mavericks,98,
20,"Fri, Oct 28, 2016",7:30 PM,Orlando Magic,82,Detroit Pistons,108,
21,"Fri, Oct 28, 2016",8:00 PM,Charlotte Hornets,97,Miami Heat,91,
22,"Fri, Oct 28, 2016",9:30 PM,Golden State Warriors,122,New Orleans Pelicans,114,
23,"Fri, Oct 28, 2016",8:00 PM,Phoenix Suns,110,Oklahoma City Thunder,113,OT
24,"Fri, Oct 28, 2016",7:00 PM,Cleveland Cavaliers,94,Toronto Raptors,91,
25,"Fri, Oct 28, 2016",9:00 PM,Los Angeles Lakers,89,Utah Jazz,96,
26,"Sat, Oct 29, 2016",8:00 PM,Indiana Pacers,101,Chicago Bulls,118,
27,"Sat, Oct 29, 2016",7:00 PM,Boston Celtics,104,Charlotte Hornets,98,
28,"Sat, Oct 29, 2016",7:30 PM,Orlando Magic,99,Cleveland Cavaliers,105,
29,"Sat, Oct 29, 2016",9:00 PM,Portland Trail Blazers,115,Denver Nuggets,113,OT
30,"Sat, Oct 29, 2016",8:00 PM,Brooklyn Nets,108,Milwaukee Bucks,110,
31,"Sat, Oct 29, 2016",7:30 PM,Memphis Grizzlies,104,New York Knicks,111,
32,"Sat, Oct 29, 2016",12:30 PM,Atlanta Hawks,104,Philadelphia 76ers,72,
33,"Sat, Oct 29, 2016",10:30 PM,Minnesota Timberwolves,103,Sacramento Kings,106,
34,"Sat, Oct 29, 2016",8:00 PM,New Orleans Pelicans,79,San Antonio Spurs,98,
35,"Sun, Oct 30, 2016",6:00 PM,Milwaukee Bucks,83,Detroit Pistons,98,
36,"Sun, Oct 30, 2016",8:00 PM,Dallas Mavericks,92,Houston Rockets,93,
37,"Sun, Oct 30, 2016",4:30 PM,Utah Jazz,75,Los Angeles Clippers,88,
38,"Sun, Oct 30, 2016",8:00 PM,Washington Wizards,103,Memphis Grizzlies,112,OT
39,"Sun, Oct 30, 2016",6:00 PM,San Antonio Spurs,106,Miami Heat,99,
40,"Sun, Oct 30, 2016",7:00 PM,Los Angeles Lakers,96,Oklahoma City Thunder,113,
41,"Sun, Oct 30, 2016",6:00 PM,Golden State Warriors,106,Phoenix Suns,100,
42,"Mon, Oct 31, 2016",7:30 PM,Sacramento Kings,95,Atlanta Hawks,106,
43,"Mon, Oct 31, 2016",7:30 PM,Chicago Bulls,118,Brooklyn Nets,88,
44,"Mon, Oct 31, 2016",10:30 PM,Phoenix Suns,98,Los Angeles Clippers,116,
45,"Mon, Oct 31, 2016",7:30 PM,Denver Nuggets,102,Toronto Raptors,105,
46,"Tue, Nov 1, 2016",6:00 PM,Houston Rockets,120,Cleveland Cavaliers,128,
47,"Tue, Nov 1, 2016",7:30 PM,New York Knicks,89,Detroit Pistons,102,
48,"Tue, Nov 1, 2016",7:00 PM,Los Angeles Lakers,108,Indiana Pacers,115,
49,"Tue, Nov 1, 2016",7:30 PM,Sacramento Kings,96,Miami Heat,108,OT
50,"Tue, Nov 1, 2016",8:00 PM,Memphis Grizzlies,80,Minnesota Timberwolves,116,
51,"Tue, Nov 1, 2016",8:00 PM,Milwaukee Bucks,117,New Orleans Pelicans,113,
52,"Tue, Nov 1, 2016",7:00 PM,Orlando Magic,103,Philadelphia 76ers,101,
53,"Tue, Nov 1, 2016",10:00 PM,Golden State Warriors,127,Portland Trail Blazers,104,
54,"Tue, Nov 1, 2016",8:30 PM,Utah Jazz,106,San Antonio Spurs,91,
55,"Wed, Nov 2, 2016",7:30 PM,Los Angeles Lakers,123,Atlanta Hawks,116,
56,"Wed, Nov 2, 2016",8:00 PM,Chicago Bulls,100,Boston Celtics,107,
57,"Wed, Nov 2, 2016",7:30 PM,Detroit Pistons,101,Brooklyn Nets,109,
58,"Wed, Nov 2, 2016",7:00 PM,Philadelphia 76ers,93,Charlotte Hornets,109,
59,"Wed, Nov 2, 2016",10:30 PM,Oklahoma City Thunder,85,Los Angeles Clippers,83,
60,"Wed, Nov 2, 2016",8:00 PM,New Orleans Pelicans,83,Memphis Grizzlies,89,OT
61,"Wed, Nov 2, 2016",7:30 PM,Houston Rockets,118,New York Knicks,99,
62,"Wed, Nov 2, 2016",10:00 PM,Portland Trail Blazers,115,Phoenix Suns,118,OT
63,"Wed, Nov 2, 2016",9:00 PM,Dallas Mavericks,81,Utah Jazz,97,
64,"Wed, Nov 2, 2016",7:00 PM,Toronto Raptors,113,Washington Wizards,103,
65,"Thu, Nov 3, 2016",8:00 PM,Boston Celtics,122,Cleveland Cavaliers,128,
66,"Thu, Nov 3, 2016",10:30 PM,Oklahoma City Thunder,96,Golden State Warriors,122,
67,"Thu, Nov 3, 2016",8:00 PM,Indiana Pacers,107,Milwaukee Bucks,125,
68,"Thu, Nov 3, 2016",8:00 PM,Denver Nuggets,102,Minnesota Timberwolves,99,
69,"Thu, Nov 3, 2016",7:00 PM,Sacramento Kings,94,Orlando Magic,102,
70,"Fri, Nov 4, 2016",7:30 PM,Charlotte Hornets,99,Brooklyn Nets,95,
71,"Fri, Nov 4, 2016",8:00 PM,New York Knicks,117,Chicago Bulls,104,
72,"Fri, Nov 4, 2016",8:30 PM,Portland Trail Blazers,105,Dallas Mavericks,95,
73,"Fri, Nov 4, 2016",10:30 PM,Golden State Warriors,97,Los Angeles Lakers,117,
74,"Fri, Nov 4, 2016",8:00 PM,Los Angeles Clippers,99,Memphis Grizzlies,88,
75,"Fri, Nov 4, 2016",8:00 PM,Phoenix Suns,112,New Orleans Pelicans,111,OT
76,"Fri, Nov 4, 2016",7:30 PM,Miami Heat,87,Toronto Raptors,96,
77,"Fri, Nov 4, 2016",9:00 PM,San Antonio Spurs,100,Utah Jazz,86,
78,"Fri, Nov 4, 2016",7:00 PM,Atlanta Hawks,92,Washington Wizards,95,
79,"Sat, Nov 5, 2016",7:30 PM,Houston Rockets,97,Atlanta Hawks,112,
80,"Sat, Nov 5, 2016",7:00 PM,Denver Nuggets,86,Detroit Pistons,103,
81,"Sat, Nov 5, 2016",7:00 PM,Chicago Bulls,94,Indiana Pacers,111,
82,"Sat, Nov 5, 2016",8:00 PM,Sacramento Kings,91,Milwaukee Bucks,117,
83,"Sat, Nov 5, 2016",6:00 PM,Minnesota Timberwolves,92,Oklahoma City Thunder,112,
84,"Sat, Nov 5, 2016",7:00 PM,Washington Wizards,86,Orlando Magic,88,
85,"Sat, Nov 5, 2016",7:00 PM,Cleveland Cavaliers,102,Philadelphia 76ers,101,
86,"Sat, Nov 5, 2016",8:30 PM,Los Angeles Clippers,116,San Antonio Spurs,92,
87,"Sun, Nov 6, 2016",7:30 PM,Denver Nuggets,123,Boston Celtics,107,
88,"Sun, Nov 6, 2016",7:00 PM,Milwaukee Bucks,75,Dallas Mavericks,86,OT
89,"Sun, Nov 6, 2016",9:30 PM,Phoenix Suns,108,Los Angeles Lakers,119,
90,"Sun, Nov 6, 2016",3:30 PM,Portland Trail Blazers,100,Memphis Grizzlies,94,
91,"Sun, Nov 6, 2016",12:00 PM,Utah Jazz,114,New York Knicks,109,
92,"Sun, Nov 6, 2016",6:00 PM,Sacramento Kings,96,Toronto Raptors,91,
93,"Mon, Nov 7, 2016",8:00 PM,Orlando Magic,80,Chicago Bulls,112,
94,"Mon, Nov 7, 2016",7:00 PM,Indiana Pacers,100,Charlotte Hornets,122,
95,"Mon, Nov 7, 2016",10:30 PM,New Orleans Pelicans,106,Golden State Warriors,116,
96,"Mon, Nov 7, 2016",10:30 PM,Detroit Pistons,82,Los Angeles Clippers,114,
97,"Mon, Nov 7, 2016",8:00 PM,Miami Heat,85,Oklahoma City Thunder,97,
98,"Mon, Nov 7, 2016",7:00 PM,Utah Jazz,109,Philadelphia 76ers,84,
99,"Mon, Nov 7, 2016",7:00 PM,Houston Rockets,114,Washington Wizards,106,
100,"Tue, Nov 8, 2016",7:30 PM,Minnesota Timberwolves,110,Brooklyn Nets,119,
101,"Tue, Nov 8, 2016",7:00 PM,Atlanta Hawks,110,Cleveland Cavaliers,106,
102,"Tue, Nov 8, 2016",10:30 PM,Dallas Mavericks,109,Los Angeles Lakers,97,
103,"Tue, Nov 8, 2016",8:00 PM,Denver Nuggets,107,Memphis Grizzlies,108,
104,"Tue, Nov 8, 2016",10:00 PM,Phoenix Suns,121,Portland Trail Blazers,124,
105,"Tue, Nov 8, 2016",10:30 PM,New Orleans Pelicans,94,Sacramento Kings,102,
106,"Wed, Nov 9, 2016",7:30 PM,Chicago Bulls,107,Atlanta Hawks,115,
107,"Wed, Nov 9, 2016",7:00 PM,Utah Jazz,98,Charlotte Hornets,104,
108,"Wed, Nov 9, 2016",10:30 PM,Dallas Mavericks,95,Golden State Warriors,116,
109,"Wed, Nov 9, 2016",7:00 PM,Philadelphia 76ers,115,Indiana Pacers,122,OT
110,"Wed, Nov 9, 2016",10:30 PM,Portland Trail Blazers,80,Los Angeles Clippers,111,
111,"Wed, Nov 9, 2016",7:00 PM,Brooklyn Nets,96,New York Knicks,110,
112,"Wed, Nov 9, 2016",8:00 PM,Toronto Raptors,112,Oklahoma City Thunder,102,
113,"Wed, Nov 9, 2016",7:00 PM,Minnesota Timberwolves,123,Orlando Magic,107,
114,"Wed, Nov 9, 2016",9:00 PM,Detroit Pistons,100,Phoenix Suns,107,
115,"Wed, Nov 9, 2016",9:30 PM,Houston Rockets,101,San Antonio Spurs,99,
116,"Wed, Nov 9, 2016",7:00 PM,Boston Celtics,93,Washington Wizards,118,
117,"Thu, Nov 10, 2016",9:00 PM,Golden State Warriors,125,Denver Nuggets,101,
118,"Thu, Nov 10, 2016",8:00 PM,Chicago Bulls,98,Miami Heat,95,
119,"Thu, Nov 10, 2016",8:00 PM,New Orleans Pelicans,112,Milwaukee Bucks,106,
120,"Thu, Nov 10, 2016",10:30 PM,Los Angeles Lakers,101,Sacramento Kings,91,
121,"Fri, Nov 11, 2016",7:30 PM,New York Knicks,87,Boston Celtics,115,
122,"Fri, Nov 11, 2016",7:00 PM,Toronto Raptors,113,Charlotte Hornets,111,
123,"Fri, Nov 11, 2016",8:00 PM,Los Angeles Clippers,110,Oklahoma City Thunder,108,
124,"Fri, Nov 11, 2016",7:00 PM,Utah Jazz,87,Orlando Magic,74,
125,"Fri, Nov 11, 2016",7:00 PM,Indiana Pacers,105,Philadelphia 76ers,109,OT
126,"Fri, Nov 11, 2016",10:00 PM,Sacramento Kings,120,Portland Trail Blazers,122,OT
127,"Fri, Nov 11, 2016",8:30 PM,Detroit Pistons,86,San Antonio Spurs,96,
128,"Fri, Nov 11, 2016",7:00 PM,Cleveland Cavaliers,105,Washington Wizards,94,
129,"Sat, Nov 12, 2016",7:30 PM,Philadelphia 76ers,96,Atlanta Hawks,117,
130,"Sat, Nov 12, 2016",8:00 PM,Washington Wizards,95,Chicago Bulls,106,
131,"Sat, Nov 12, 2016",9:00 PM,Detroit Pistons,106,Denver Nuggets,95,
132,"Sat, Nov 12, 2016",8:00 PM,San Antonio Spurs,106,Houston Rockets,100,
133,"Sat, Nov 12, 2016",7:00 PM,Boston Celtics,105,Indiana Pacers,99,
134,"Sat, Nov 12, 2016",8:00 PM,Utah Jazz,102,Miami Heat,91,
135,"Sat, Nov 12, 2016",8:30 PM,Memphis Grizzlies,96,Milwaukee Bucks,106,
136,"Sat, Nov 12, 2016",8:00 PM,Los Angeles Clippers,119,Minnesota Timberwolves,105,
137,"Sat, Nov 12, 2016",7:00 PM,Los Angeles Lakers,126,New Orleans Pelicans,99,
138,"Sat, Nov 12, 2016",9:00 PM,Brooklyn Nets,122,Phoenix Suns,104,
139,"Sat, Nov 12, 2016",7:30 PM,New York Knicks,107,Toronto Raptors,118,
140,"Sun, Nov 13, 2016",3:30 PM,Charlotte Hornets,93,Cleveland Cavaliers,100,
141,"Sun, Nov 13, 2016",8:00 PM,Phoenix Suns,120,Golden State Warriors,133,
142,"Sun, Nov 13, 2016",7:00 PM,Los Angeles Lakers,99,Minnesota Timberwolves,125,
143,"Sun, Nov 13, 2016",7:00 PM,Orlando Magic,119,Oklahoma City Thunder,117,
144,"Sun, Nov 13, 2016",9:00 PM,Denver Nuggets,105,Portland Trail Blazers,112,
145,"Mon, Nov 14, 2016",7:30 PM,Oklahoma City Thunder,88,Detroit Pistons,104,
146,"Mon, Nov 14, 2016",8:00 PM,Philadelphia 76ers,88,Houston Rockets,115,
147,"Mon, Nov 14, 2016",7:00 PM,Orlando Magic,69,Indiana Pacers,88,
148,"Mon, Nov 14, 2016",10:30 PM,Brooklyn Nets,95,Los Angeles Clippers,127,
149,"Mon, Nov 14, 2016",8:00 PM,Boston Celtics,105,New Orleans Pelicans,106,
150,"Mon, Nov 14, 2016",7:30 PM,Dallas Mavericks,77,New York Knicks,93,
151,"Mon, Nov 14, 2016",8:30 PM,Miami Heat,90,San Antonio Spurs,94,
152,"Mon, Nov 14, 2016",9:00 PM,Memphis Grizzlies,102,Utah Jazz,96,
153,"Tue, Nov 15, 2016",7:00 PM,Toronto Raptors,117,Cleveland Cavaliers,121,
154,"Tue, Nov 15, 2016",10:30 PM,Brooklyn Nets,118,Los Angeles Lakers,125,
155,"Tue, Nov 15, 2016",7:30 PM,Atlanta Hawks,93,Miami Heat,90,
156,"Tue, Nov 15, 2016",8:00 PM,Charlotte Hornets,115,Minnesota Timberwolves,108,
157,"Tue, Nov 15, 2016",10:00 PM,Chicago Bulls,113,Portland Trail Blazers,88,
158,"Wed, Nov 16, 2016",7:30 PM,Milwaukee Bucks,100,Atlanta Hawks,107,
159,"Wed, Nov 16, 2016",7:30 PM,Dallas Mavericks,83,Boston Celtics,90,
160,"Wed, Nov 16, 2016",9:00 PM,Phoenix Suns,104,Denver Nuggets,120,
161,"Wed, Nov 16, 2016",7:00 PM,Cleveland Cavaliers,93,Indiana Pacers,103,
162,"Wed, Nov 16, 2016",10:30 PM,Memphis Grizzlies,111,Los Angeles Clippers,107,
163,"Wed, Nov 16, 2016",7:30 PM,Detroit Pistons,102,New York Knicks,105,
164,"Wed, Nov 16, 2016",8:00 PM,Houston Rockets,103,Oklahoma City Thunder,105,
165,"Wed, Nov 16, 2016",7:00 PM,New Orleans Pelicans,82,Orlando Magic,89,
166,"Wed, Nov 16, 2016",7:00 PM,Washington Wizards,102,Philadelphia 76ers,109,
167,"Wed, Nov 16, 2016",10:30 PM,San Antonio Spurs,110,Sacramento Kings,105,
168,"Wed, Nov 16, 2016",8:00 PM,Golden State Warriors,127,Toronto Raptors,121,
169,"Thu, Nov 17, 2016",8:00 PM,Portland Trail Blazers,109,Houston Rockets,126,
170,"Thu, Nov 17, 2016",7:30 PM,Milwaukee Bucks,73,Miami Heat,96,
171,"Thu, Nov 17, 2016",8:00 PM,Philadelphia 76ers,86,Minnesota Timberwolves,110,
172,"Thu, Nov 17, 2016",10:30 PM,Chicago Bulls,85,Utah Jazz,77,
173,"Thu, Nov 17, 2016",7:00 PM,New York Knicks,112,Washington Wizards,119,
174,"Fri, Nov 18, 2016",8:00 PM,Golden State Warriors,104,Boston Celtics,88,
175,"Fri, Nov 18, 2016",7:00 PM,Atlanta Hawks,96,Charlotte Hornets,100,
176,"Fri, Nov 18, 2016",7:30 PM,Detroit Pistons,81,Cleveland Cavaliers,104,
177,"Fri, Nov 18, 2016",8:30 PM,Memphis Grizzlies,80,Dallas Mavericks,64,
178,"Fri, Nov 18, 2016",9:00 PM,Toronto Raptors,113,Denver Nuggets,111,OT
179,"Fri, Nov 18, 2016",7:00 PM,Phoenix Suns,116,Indiana Pacers,96,
180,"Fri, Nov 18, 2016",10:30 PM,San Antonio Spurs,116,Los Angeles Lakers,107,
181,"Fri, Nov 18, 2016",8:00 PM,Portland Trail Blazers,101,New Orleans Pelicans,113,
182,"Fri, Nov 18, 2016",8:00 PM,Brooklyn Nets,105,Oklahoma City Thunder,124,
183,"Fri, Nov 18, 2016",10:30 PM,Los Angeles Clippers,121,Sacramento Kings,115,
184,"Sat, Nov 19, 2016",7:00 PM,Boston Celtics,94,Detroit Pistons,92,
185,"Sat, Nov 19, 2016",5:00 PM,Utah Jazz,102,Houston Rockets,111,
186,"Sat, Nov 19, 2016",10:30 PM,Chicago Bulls,95,Los Angeles Clippers,102,
187,"Sat, Nov 19, 2016",8:00 PM,Minnesota Timberwolves,71,Memphis Grizzlies,93,
188,"Sat, Nov 19, 2016",8:30 PM,Golden State Warriors,124,Milwaukee Bucks,121,
189,"Sat, Nov 19, 2016",7:00 PM,Charlotte Hornets,116,New Orleans Pelicans,121,OT
190,"Sat, Nov 19, 2016",7:00 PM,Dallas Mavericks,87,Orlando Magic,95,
191,"Sat, Nov 19, 2016",7:30 PM,Phoenix Suns,105,Philadelphia 76ers,120,
192,"Sat, Nov 19, 2016",7:00 PM,Miami Heat,114,Washington Wizards,111,
193,"Sun, Nov 20, 2016",3:30 PM,Portland Trail Blazers,129,Brooklyn Nets,109,
194,"Sun, Nov 20, 2016",9:00 PM,Utah Jazz,91,Denver Nuggets,105,
195,"Sun, Nov 20, 2016",9:30 PM,Chicago Bulls,118,Los Angeles Lakers,110,
196,"Sun, Nov 20, 2016",12:00 PM,Atlanta Hawks,94,New York Knicks,104,
197,"Sun, Nov 20, 2016",7:00 PM,Indiana Pacers,115,Oklahoma City Thunder,111,OT
198,"Sun, Nov 20, 2016",9:00 PM,Toronto Raptors,99,Sacramento Kings,102,
199,"Mon, Nov 21, 2016",7:00 PM,Memphis Grizzlies,105,Charlotte Hornets,90,
200,"Mon, Nov 21, 2016",7:30 PM,Houston Rockets,99,Detroit Pistons,96,
201,"Mon, Nov 21, 2016",7:00 PM,Golden State Warriors,120,Indiana Pacers,83,
202,"Mon, Nov 21, 2016",10:30 PM,Toronto Raptors,115,Los Angeles Clippers,123,
203,"Mon, Nov 21, 2016",8:00 PM,Orlando Magic,89,Milwaukee Bucks,93,
204,"Mon, Nov 21, 2016",8:00 PM,Boston Celtics,99,Minnesota Timberwolves,93,
205,"Mon, Nov 21, 2016",7:00 PM,Miami Heat,94,Philadelphia 76ers,101,
206,"Mon, Nov 21, 2016",8:30 PM,Dallas Mavericks,91,San Antonio Spurs,96,
207,"Mon, Nov 21, 2016",7:00 PM,Phoenix Suns,101,Washington Wizards,106,
208,"Tue, Nov 22, 2016",7:30 PM,New Orleans Pelicans,112,Atlanta Hawks,94,
209,"Tue, Nov 22, 2016",9:00 PM,Chicago Bulls,107,Denver Nuggets,110,
210,"Tue, Nov 22, 2016",10:30 PM,Oklahoma City Thunder,109,Los Angeles Lakers,111,
211,"Tue, Nov 22, 2016",7:30 PM,Portland Trail Blazers,103,New York Knicks,107,
212,"Wed, Nov 23, 2016",7:30 PM,Boston Celtics,111,Brooklyn Nets,92,
213,"Wed, Nov 23, 2016",7:00 PM,San Antonio Spurs,119,Charlotte Hornets,114,
214,"Wed, Nov 23, 2016",7:00 PM,Portland Trail Blazers,125,Cleveland Cavaliers,137,
215,"Wed, Nov 23, 2016",8:30 PM,Los Angeles Clippers,124,Dallas Mavericks,104,
216,"Wed, Nov 23, 2016",7:30 PM,Miami Heat,84,Detroit Pistons,107,
217,"Wed, Nov 23, 2016",10:30 PM,Los Angeles Lakers,106,Golden State Warriors,149,
218,"Wed, Nov 23, 2016",8:00 PM,Toronto Raptors,115,Houston Rockets,102,
219,"Wed, Nov 23, 2016",7:00 PM,Atlanta Hawks,96,Indiana Pacers,85,
220,"Wed, Nov 23, 2016",9:30 PM,Minnesota Timberwolves,96,New Orleans Pelicans,117,
221,"Wed, Nov 23, 2016",7:00 PM,Phoenix Suns,92,Orlando Magic,87,
222,"Wed, Nov 23, 2016",7:00 PM,Memphis Grizzlies,104,Philadelphia 76ers,99,2OT
223,"Wed, Nov 23, 2016",10:30 PM,Oklahoma City Thunder,101,Sacramento Kings,116,
224,"Wed, Nov 23, 2016",9:00 PM,Denver Nuggets,83,Utah Jazz,108,
225,"Fri, Nov 25, 2016",1:00 PM,San Antonio Spurs,109,Boston Celtics,103,
226,"Fri, Nov 25, 2016",7:30 PM,Dallas Mavericks,90,Cleveland Cavaliers,128,
227,"Fri, Nov 25, 2016",9:00 PM,Oklahoma City Thunder,132,Denver Nuggets,129,OT
228,"Fri, Nov 25, 2016",7:30 PM,Los Angeles Clippers,97,Detroit Pistons,108,
229,"Fri, Nov 25, 2016",8:00 PM,Brooklyn Nets,97,Indiana Pacers,118,
230,"Fri, Nov 25, 2016",10:30 PM,Golden State Warriors,109,Los Angeles Lakers,85,
231,"Fri, Nov 25, 2016",8:00 PM,Miami Heat,90,Memphis Grizzlies,81,
232,"Fri, Nov 25, 2016",8:00 PM,Toronto Raptors,105,Milwaukee Bucks,99,
233,"Fri, Nov 25, 2016",7:30 PM,Charlotte Hornets,111,New York Knicks,113,OT
234,"Fri, Nov 25, 2016",7:00 PM,Washington Wizards,94,Orlando Magic,91,
235,"Fri, Nov 25, 2016",7:30 PM,Chicago Bulls,105,Philadelphia 76ers,89,
236,"Fri, Nov 25, 2016",9:00 PM,Minnesota Timberwolves,98,Phoenix Suns,85,
237,"Fri, Nov 25, 2016",10:00 PM,New Orleans Pelicans,104,Portland Trail Blazers,119,
238,"Fri, Nov 25, 2016",10:30 PM,Houston Rockets,117,Sacramento Kings,104,
239,"Fri, Nov 25, 2016",8:00 PM,Atlanta Hawks,68,Utah Jazz,95,
240,"Sat, Nov 26, 2016",7:00 PM,New York Knicks,102,Charlotte Hornets,107,
241,"Sat, Nov 26, 2016",10:30 PM,Minnesota Timberwolves,102,Golden State Warriors,115,
242,"Sat, Nov 26, 2016",8:00 PM,Memphis Grizzlies,110,Miami Heat,107,
243,"Sat, Nov 26, 2016",8:00 PM,Detroit Pistons,88,Oklahoma City Thunder,106,
244,"Sat, Nov 26, 2016",7:00 PM,San Antonio Spurs,112,Washington Wizards,100,
245,"Sun, Nov 27, 2016",6:00 PM,Sacramento Kings,122,Brooklyn Nets,105,
246,"Sun, Nov 27, 2016",7:00 PM,New Orleans Pelicans,81,Dallas Mavericks,91,
247,"Sun, Nov 27, 2016",6:00 PM,Los Angeles Clippers,70,Indiana Pacers,91,
248,"Sun, Nov 27, 2016",9:30 PM,Atlanta Hawks,94,Los Angeles Lakers,109,
249,"Sun, Nov 27, 2016",6:00 PM,Milwaukee Bucks,104,Orlando Magic,96,
250,"Sun, Nov 27, 2016",1:00 PM,Cleveland Cavaliers,112,Philadelphia 76ers,108,
251,"Sun, Nov 27, 2016",3:30 PM,Denver Nuggets,120,Phoenix Suns,114,
252,"Sun, Nov 27, 2016",9:00 PM,Houston Rockets,130,Portland Trail Blazers,114,
253,"Mon, Nov 28, 2016",10:30 PM,Atlanta Hawks,100,Golden State Warriors,105,
254,"Mon, Nov 28, 2016",8:00 PM,Charlotte Hornets,104,Memphis Grizzlies,85,
255,"Mon, Nov 28, 2016",7:30 PM,Boston Celtics,112,Miami Heat,104,
256,"Mon, Nov 28, 2016",8:00 PM,Utah Jazz,112,Minnesota Timberwolves,103,
257,"Mon, Nov 28, 2016",7:30 PM,Oklahoma City Thunder,112,New York Knicks,103,
258,"Mon, Nov 28, 2016",7:30 PM,Philadelphia 76ers,95,Toronto Raptors,122,
259,"Mon, Nov 28, 2016",7:00 PM,Sacramento Kings,95,Washington Wizards,101,OT
260,"Tue, Nov 29, 2016",7:30 PM,Los Angeles Clippers,122,Brooklyn Nets,127,2OT
261,"Tue, Nov 29, 2016",7:00 PM,Detroit Pistons,112,Charlotte Hornets,89,
262,"Tue, Nov 29, 2016",8:00 PM,Cleveland Cavaliers,101,Milwaukee Bucks,118,
263,"Tue, Nov 29, 2016",8:00 PM,Los Angeles Lakers,88,New Orleans Pelicans,105,
264,"Tue, Nov 29, 2016",8:30 PM,Orlando Magic,95,San Antonio Spurs,83,
265,"Tue, Nov 29, 2016",9:00 PM,Houston Rockets,101,Utah Jazz,120,
266,"Wed, Nov 30, 2016",7:30 PM,Detroit Pistons,121,Boston Celtics,114,
267,"Wed, Nov 30, 2016",8:00 PM,Los Angeles Lakers,96,Chicago Bulls,90,
268,"Wed, Nov 30, 2016",8:30 PM,San Antonio Spurs,94,Dallas Mavericks,87,
269,"Wed, Nov 30, 2016",9:00 PM,Miami Heat,106,Denver Nuggets,98,
270,"Wed, Nov 30, 2016",8:00 PM,New York Knicks,106,Minnesota Timberwolves,104,
271,"Wed, Nov 30, 2016",8:00 PM,Washington Wizards,115,Oklahoma City Thunder,126,OT
272,"Wed, Nov 30, 2016",9:00 PM,Atlanta Hawks,107,Phoenix Suns,109,
273,"Wed, Nov 30, 2016",10:00 PM,Indiana Pacers,109,Portland Trail Blazers,131,
274,"Wed, Nov 30, 2016",7:30 PM,Memphis Grizzlies,105,Toronto Raptors,120,
275,"Thu, Dec 1, 2016",7:30 PM,Milwaukee Bucks,111,Brooklyn Nets,93,
276,"Thu, Dec 1, 2016",7:00 PM,Dallas Mavericks,87,Charlotte Hornets,97,
277,"Thu, Dec 1, 2016",8:00 PM,Los Angeles Clippers,113,Cleveland Cavaliers,94,
278,"Thu, Dec 1, 2016",10:30 PM,Houston Rockets,132,Golden State Warriors,127,2OT
279,"Thu, Dec 1, 2016",8:00 PM,Orlando Magic,94,Memphis Grizzlies,95,
280,"Thu, Dec 1, 2016",9:00 PM,Miami Heat,111,Utah Jazz,110,
281,"Fri, Dec 2, 2016",8:00 PM,Detroit Pistons,121,Atlanta Hawks,85,
282,"Fri, Dec 2, 2016",7:30 PM,Sacramento Kings,92,Boston Celtics,97,
283,"Fri, Dec 2, 2016",8:00 PM,Cleveland Cavaliers,105,Chicago Bulls,111,
284,"Fri, Dec 2, 2016",10:30 PM,Houston Rockets,128,Denver Nuggets,110,
285,"Fri, Dec 2, 2016",8:00 PM,Los Angeles Clippers,114,New Orleans Pelicans,96,
286,"Fri, Dec 2, 2016",7:30 PM,Minnesota Timberwolves,114,New York Knicks,118,
287,"Fri, Dec 2, 2016",7:00 PM,Orlando Magic,105,Philadelphia 76ers,88,
288,"Fri, Dec 2, 2016",8:30 PM,Washington Wizards,105,San Antonio Spurs,107,
289,"Fri, Dec 2, 2016",7:30 PM,Los Angeles Lakers,80,Toronto Raptors,113,
290,"Sat, Dec 3, 2016",7:00 PM,Minnesota Timberwolves,125,Charlotte Hornets,120,OT
291,"Sat, Dec 3, 2016",8:30 PM,Chicago Bulls,82,Dallas Mavericks,107,
292,"Sat, Dec 3, 2016",10:30 PM,Phoenix Suns,109,Golden State Warriors,138,
293,"Sat, Dec 3, 2016",8:00 PM,Los Angeles Lakers,100,Memphis Grizzlies,103,
294,"Sat, Dec 3, 2016",5:00 PM,Brooklyn Nets,103,Milwaukee Bucks,112,
295,"Sat, Dec 3, 2016",7:30 PM,Boston Celtics,107,Philadelphia 76ers,106,
296,"Sat, Dec 3, 2016",10:00 PM,Miami Heat,92,Portland Trail Blazers,99,
297,"Sat, Dec 3, 2016",7:30 PM,Atlanta Hawks,84,Toronto Raptors,128,
298,"Sat, Dec 3, 2016",9:00 PM,Denver Nuggets,98,Utah Jazz,105,
299,"Sun, Dec 4, 2016",6:00 PM,Orlando Magic,98,Detroit Pistons,92,
300,"Sun, Dec 4, 2016",9:30 PM,Indiana Pacers,111,Los Angeles Clippers,102,
301,"Sun, Dec 4, 2016",7:30 PM,Sacramento Kings,98,New York Knicks,106,
302,"Sun, Dec 4, 2016",7:00 PM,New Orleans Pelicans,92,Oklahoma City Thunder,101,
303,"Mon, Dec 5, 2016",7:30 PM,Oklahoma City Thunder,102,Atlanta Hawks,99,
304,"Mon, Dec 5, 2016",7:30 PM,Washington Wizards,118,Brooklyn Nets,113,
305,"Mon, Dec 5, 2016",8:00 PM,Portland Trail Blazers,112,Chicago Bulls,110,
306,"Mon, Dec 5, 2016",8:30 PM,Charlotte Hornets,109,Dallas Mavericks,101,
307,"Mon, Dec 5, 2016",10:30 PM,Indiana Pacers,106,Golden State Warriors,142,
308,"Mon, Dec 5, 2016",8:00 PM,Boston Celtics,106,Houston Rockets,107,
309,"Mon, Dec 5, 2016",10:30 PM,Utah Jazz,107,Los Angeles Lakers,101,
310,"Mon, Dec 5, 2016",8:00 PM,San Antonio Spurs,97,Milwaukee Bucks,96,
311,"Mon, Dec 5, 2016",8:00 PM,Memphis Grizzlies,110,New Orleans Pelicans,108,2OT
312,"Mon, Dec 5, 2016",7:00 PM,Denver Nuggets,106,Philadelphia 76ers,98,
313,"Mon, Dec 5, 2016",7:30 PM,Cleveland Cavaliers,116,Toronto Raptors,112,
314,"Tue, Dec 6, 2016",7:30 PM,Chicago Bulls,91,Detroit Pistons,102,
315,"Tue, Dec 6, 2016",8:00 PM,Philadelphia 76ers,91,Memphis Grizzlies,96,
316,"Tue, Dec 6, 2016",7:30 PM,New York Knicks,114,Miami Heat,103,
317,"Tue, Dec 6, 2016",8:00 PM,San Antonio Spurs,105,Minnesota Timberwolves,91,
318,"Tue, Dec 6, 2016",9:00 PM,Phoenix Suns,105,Utah Jazz,112,
319,"Tue, Dec 6, 2016",7:00 PM,Orlando Magic,124,Washington Wizards,116,
320,"Wed, Dec 7, 2016",7:30 PM,Miami Heat,95,Atlanta Hawks,103,
321,"Wed, Dec 7, 2016",7:30 PM,Denver Nuggets,111,Brooklyn Nets,116,
322,"Wed, Dec 7, 2016",7:00 PM,Detroit Pistons,77,Charlotte Hornets,87,
323,"Wed, Dec 7, 2016",8:30 PM,Sacramento Kings,120,Dallas Mavericks,89,
324,"Wed, Dec 7, 2016",8:00 PM,Los Angeles Lakers,95,Houston Rockets,134,
325,"Wed, Dec 7, 2016",10:30 PM,Golden State Warriors,115,Los Angeles Clippers,98,
326,"Wed, Dec 7, 2016",8:00 PM,Portland Trail Blazers,107,Milwaukee Bucks,115,
327,"Wed, Dec 7, 2016",8:00 PM,Cleveland Cavaliers,126,New York Knicks,94,
328,"Wed, Dec 7, 2016",7:00 PM,Boston Celtics,117,Orlando Magic,87,
329,"Wed, Dec 7, 2016",9:00 PM,Indiana Pacers,109,Phoenix Suns,94,
330,"Thu, Dec 8, 2016",9:30 PM,San Antonio Spurs,91,Chicago Bulls,95,
331,"Thu, Dec 8, 2016",8:00 PM,Portland Trail Blazers,86,Memphis Grizzlies,88,
332,"Thu, Dec 8, 2016",8:00 PM,Philadelphia 76ers,99,New Orleans Pelicans,88,
333,"Thu, Dec 8, 2016",7:00 PM,Minnesota Timberwolves,110,Toronto Raptors,124,
334,"Thu, Dec 8, 2016",9:00 PM,Golden State Warriors,106,Utah Jazz,99,
335,"Thu, Dec 8, 2016",7:00 PM,Denver Nuggets,85,Washington Wizards,92,
336,"Fri, Dec 9, 2016",7:30 PM,Toronto Raptors,101,Boston Celtics,94,
337,"Fri, Dec 9, 2016",7:00 PM,Orlando Magic,88,Charlotte Hornets,109,
338,"Fri, Dec 9, 2016",7:30 PM,Miami Heat,84,Cleveland Cavaliers,114,
339,"Fri, Dec 9, 2016",8:30 PM,Indiana Pacers,103,Dallas Mavericks,111,
340,"Fri, Dec 9, 2016",10:30 PM,Phoenix Suns,119,Los Angeles Lakers,115,
341,"Fri, Dec 9, 2016",8:00 PM,Atlanta Hawks,114,Milwaukee Bucks,110,
342,"Fri, Dec 9, 2016",8:00 PM,Detroit Pistons,117,Minnesota Timberwolves,90,
343,"Fri, Dec 9, 2016",8:00 PM,Houston Rockets,102,Oklahoma City Thunder,99,
344,"Fri, Dec 9, 2016",10:30 PM,New York Knicks,103,Sacramento Kings,100,
345,"Sat, Dec 10, 2016",8:00 PM,Miami Heat,100,Chicago Bulls,105,
346,"Sat, Dec 10, 2016",7:30 PM,Charlotte Hornets,105,Cleveland Cavaliers,116,
347,"Sat, Dec 10, 2016",8:00 PM,Dallas Mavericks,87,Houston Rockets,109,
348,"Sat, Dec 10, 2016",7:00 PM,Portland Trail Blazers,111,Indiana Pacers,118,
349,"Sat, Dec 10, 2016",10:30 PM,New Orleans Pelicans,105,Los Angeles Clippers,133,
350,"Sat, Dec 10, 2016",8:00 PM,Golden State Warriors,89,Memphis Grizzlies,110,
351,"Sat, Dec 10, 2016",7:00 PM,Denver Nuggets,121,Orlando Magic,113,
352,"Sat, Dec 10, 2016",8:30 PM,Brooklyn Nets,101,San Antonio Spurs,130,
353,"Sat, Dec 10, 2016",9:00 PM,Sacramento Kings,84,Utah Jazz,104,
354,"Sat, Dec 10, 2016",7:00 PM,Milwaukee Bucks,105,Washington Wizards,110,
355,"Sun, Dec 11, 2016",6:00 PM,Philadelphia 76ers,97,Detroit Pistons,79,
356,"Sun, Dec 11, 2016",9:30 PM,New York Knicks,118,Los Angeles Lakers,112,
357,"Sun, Dec 11, 2016",7:00 PM,Golden State Warriors,116,Minnesota Timberwolves,108,
358,"Sun, Dec 11, 2016",7:00 PM,Boston Celtics,96,Oklahoma City Thunder,99,
359,"Sun, Dec 11, 2016",8:30 PM,New Orleans Pelicans,120,Phoenix Suns,119,OT
360,"Mon, Dec 12, 2016",8:30 PM,Denver Nuggets,92,Dallas Mavericks,112,
361,"Mon, Dec 12, 2016",8:00 PM,Brooklyn Nets,118,Houston Rockets,122,
362,"Mon, Dec 12, 2016",7:00 PM,Charlotte Hornets,94,Indiana Pacers,110,
363,"Mon, Dec 12, 2016",10:30 PM,Portland Trail Blazers,120,Los Angeles Clippers,121,
364,"Mon, Dec 12, 2016",7:30 PM,Washington Wizards,101,Miami Heat,112,
365,"Mon, Dec 12, 2016",10:30 PM,Los Angeles Lakers,92,Sacramento Kings,116,
366,"Mon, Dec 12, 2016",7:30 PM,Milwaukee Bucks,100,Toronto Raptors,122,
367,"Tue, Dec 13, 2016",7:30 PM,Orlando Magic,131,Atlanta Hawks,120,
368,"Tue, Dec 13, 2016",8:00 PM,Minnesota Timberwolves,99,Chicago Bulls,94,
369,"Tue, Dec 13, 2016",7:00 PM,Memphis Grizzlies,86,Cleveland Cavaliers,103,
370,"Tue, Dec 13, 2016",8:00 PM,Golden State Warriors,113,New Orleans Pelicans,109,
371,"Tue, Dec 13, 2016",9:00 PM,New York Knicks,111,Phoenix Suns,113,OT
372,"Tue, Dec 13, 2016",10:30 PM,Oklahoma City Thunder,95,Portland Trail Blazers,114,
373,"Wed, Dec 14, 2016",7:30 PM,Los Angeles Lakers,97,Brooklyn Nets,107,
374,"Wed, Dec 14, 2016",8:30 PM,Detroit Pistons,95,Dallas Mavericks,85,
375,"Wed, Dec 14, 2016",8:00 PM,Sacramento Kings,98,Houston Rockets,132,
376,"Wed, Dec 14, 2016",8:00 PM,Cleveland Cavaliers,85,Memphis Grizzlies,93,
377,"Wed, Dec 14, 2016",7:00 PM,Indiana Pacers,89,Miami Heat,95,
378,"Wed, Dec 14, 2016",7:00 PM,Los Angeles Clippers,113,Orlando Magic,108,
379,"Wed, Dec 14, 2016",7:00 PM,Toronto Raptors,123,Philadelphia 76ers,114,
380,"Wed, Dec 14, 2016",9:30 PM,Boston Celtics,101,San Antonio Spurs,108,
381,"Wed, Dec 14, 2016",9:00 PM,Oklahoma City Thunder,89,Utah Jazz,109,
382,"Wed, Dec 14, 2016",7:00 PM,Charlotte Hornets,106,Washington Wizards,109,
383,"Thu, Dec 15, 2016",9:00 PM,Portland Trail Blazers,120,Denver Nuggets,132,
384,"Thu, Dec 15, 2016",10:30 PM,New York Knicks,90,Golden State Warriors,103,
385,"Thu, Dec 15, 2016",8:00 PM,Chicago Bulls,97,Milwaukee Bucks,108,
386,"Thu, Dec 15, 2016",8:00 PM,Indiana Pacers,95,New Orleans Pelicans,102,
387,"Thu, Dec 15, 2016",9:00 PM,San Antonio Spurs,107,Phoenix Suns,92,
388,"Fri, Dec 16, 2016",7:30 PM,Charlotte Hornets,88,Boston Celtics,96,
389,"Fri, Dec 16, 2016",8:00 PM,Milwaukee Bucks,95,Chicago Bulls,69,
390,"Fri, Dec 16, 2016",8:00 PM,New Orleans Pelicans,100,Houston Rockets,122,
391,"Fri, Dec 16, 2016",8:00 PM,Sacramento Kings,96,Memphis Grizzlies,92,
392,"Fri, Dec 16, 2016",8:00 PM,Los Angeles Clippers,102,Miami Heat,98,
393,"Fri, Dec 16, 2016",7:00 PM,Brooklyn Nets,111,Orlando Magic,118,
394,"Fri, Dec 16, 2016",8:00 PM,Los Angeles Lakers,100,Philadelphia 76ers,89,
395,"Fri, Dec 16, 2016",7:30 PM,Atlanta Hawks,125,Toronto Raptors,121,
396,"Fri, Dec 16, 2016",10:30 PM,Dallas Mavericks,100,Utah Jazz,103,
397,"Fri, Dec 16, 2016",7:00 PM,Detroit Pistons,108,Washington Wizards,122,
398,"Sat, Dec 17, 2016",7:30 PM,Charlotte Hornets,107,Atlanta Hawks,99,
399,"Sat, Dec 17, 2016",7:30 PM,Los Angeles Lakers,108,Cleveland Cavaliers,119,
400,"Sat, Dec 17, 2016",9:00 PM,New York Knicks,114,Denver Nuggets,127,
401,"Sat, Dec 17, 2016",7:00 PM,Indiana Pacers,105,Detroit Pistons,90,
402,"Sat, Dec 17, 2016",10:30 PM,Portland Trail Blazers,90,Golden State Warriors,135,
403,"Sat, Dec 17, 2016",8:00 PM,Houston Rockets,111,Minnesota Timberwolves,109,OT
404,"Sat, Dec 17, 2016",5:00 PM,Phoenix Suns,101,Oklahoma City Thunder,114,
405,"Sun, Dec 18, 2016",4:00 PM,Sacramento Kings,79,Dallas Mavericks,99,
406,"Sun, Dec 18, 2016",6:00 PM,Utah Jazz,82,Memphis Grizzlies,73,
407,"Sun, Dec 18, 2016",6:00 PM,Boston Celtics,105,Miami Heat,95,
408,"Sun, Dec 18, 2016",6:00 PM,Toronto Raptors,109,Orlando Magic,79,
409,"Sun, Dec 18, 2016",6:00 PM,Brooklyn Nets,107,Philadelphia 76ers,108,
410,"Sun, Dec 18, 2016",7:00 PM,New Orleans Pelicans,100,San Antonio Spurs,113,
411,"Sun, Dec 18, 2016",3:30 PM,Los Angeles Clippers,110,Washington Wizards,117,
412,"Mon, Dec 19, 2016",8:00 PM,Detroit Pistons,82,Chicago Bulls,113,
413,"Mon, Dec 19, 2016",9:00 PM,Dallas Mavericks,107,Denver Nuggets,117,
414,"Mon, Dec 19, 2016",7:00 PM,Washington Wizards,105,Indiana Pacers,107,
415,"Mon, Dec 19, 2016",8:00 PM,Phoenix Suns,108,Minnesota Timberwolves,115,
416,"Mon, Dec 19, 2016",8:00 PM,Atlanta Hawks,110,Oklahoma City Thunder,108,
417,"Tue, Dec 20, 2016",7:00 PM,Los Angeles Lakers,113,Charlotte Hornets,117,
418,"Tue, Dec 20, 2016",10:30 PM,Utah Jazz,74,Golden State Warriors,104,
419,"Tue, Dec 20, 2016",8:00 PM,San Antonio Spurs,102,Houston Rockets,100,
420,"Tue, Dec 20, 2016",10:30 PM,Denver Nuggets,102,Los Angeles Clippers,119,
421,"Tue, Dec 20, 2016",8:00 PM,Boston Celtics,112,Memphis Grizzlies,109,OT
422,"Tue, Dec 20, 2016",7:30 PM,Orlando Magic,136,Miami Heat,130,2OT
423,"Tue, Dec 20, 2016",8:00 PM,Cleveland Cavaliers,114,Milwaukee Bucks,108,OT
424,"Tue, Dec 20, 2016",7:30 PM,Indiana Pacers,111,New York Knicks,118,
425,"Tue, Dec 20, 2016",7:00 PM,New Orleans Pelicans,108,Philadelphia 76ers,93,
426,"Tue, Dec 20, 2016",10:30 PM,Portland Trail Blazers,121,Sacramento Kings,126,
427,"Tue, Dec 20, 2016",7:30 PM,Brooklyn Nets,104,Toronto Raptors,116,
428,"Wed, Dec 21, 2016",7:30 PM,Minnesota Timberwolves,92,Atlanta Hawks,84,
429,"Wed, Dec 21, 2016",8:00 PM,Washington Wizards,107,Chicago Bulls,97,
430,"Wed, Dec 21, 2016",7:00 PM,Milwaukee Bucks,102,Cleveland Cavaliers,113,
431,"Wed, Dec 21, 2016",7:30 PM,Memphis Grizzlies,98,Detroit Pistons,86,
432,"Wed, Dec 21, 2016",8:00 PM,Oklahoma City Thunder,121,New Orleans Pelicans,110,
433,"Wed, Dec 21, 2016",9:00 PM,Houston Rockets,125,Phoenix Suns,111,
434,"Wed, Dec 21, 2016",10:00 PM,Dallas Mavericks,96,Portland Trail Blazers,95,
435,"Wed, Dec 21, 2016",9:00 PM,Sacramento Kings,94,Utah Jazz,93,
436,"Thu, Dec 22, 2016",7:30 PM,Golden State Warriors,117,Brooklyn Nets,101,
437,"Thu, Dec 22, 2016",7:00 PM,Boston Celtics,109,Indiana Pacers,102,
438,"Thu, Dec 22, 2016",10:30 PM,San Antonio Spurs,101,Los Angeles Clippers,106,
439,"Thu, Dec 22, 2016",8:00 PM,Los Angeles Lakers,107,Miami Heat,115,
440,"Thu, Dec 22, 2016",7:30 PM,Orlando Magic,95,New York Knicks,106,
441,"Fri, Dec 23, 2016",7:30 PM,Oklahoma City Thunder,117,Boston Celtics,112,
442,"Fri, Dec 23, 2016",7:00 PM,Chicago Bulls,91,Charlotte Hornets,103,
443,"Fri, Dec 23, 2016",7:30 PM,Brooklyn Nets,99,Cleveland Cavaliers,119,
444,"Fri, Dec 23, 2016",9:00 PM,Atlanta Hawks,109,Denver Nuggets,108,
445,"Fri, Dec 23, 2016",7:30 PM,Golden State Warriors,119,Detroit Pistons,113,
446,"Fri, Dec 23, 2016",10:30 PM,Dallas Mavericks,90,Los Angeles Clippers,88,
447,"Fri, Dec 23, 2016",8:00 PM,Houston Rockets,109,Memphis Grizzlies,115,
448,"Fri, Dec 23, 2016",8:00 PM,Washington Wizards,96,Milwaukee Bucks,123,
449,"Fri, Dec 23, 2016",8:00 PM,Sacramento Kings,109,Minnesota Timberwolves,105,
450,"Fri, Dec 23, 2016",8:00 PM,Miami Heat,87,New Orleans Pelicans,91,
451,"Fri, Dec 23, 2016",7:00 PM,Los Angeles Lakers,90,Orlando Magic,109,
452,"Fri, Dec 23, 2016",9:00 PM,Philadelphia 76ers,116,Phoenix Suns,123,
453,"Fri, Dec 23, 2016",10:00 PM,San Antonio Spurs,110,Portland Trail Blazers,90,
454,"Fri, Dec 23, 2016",9:00 PM,Toronto Raptors,104,Utah Jazz,98,
455,"Sun, Dec 25, 2016",2:30 PM,Golden State Warriors,108,Cleveland Cavaliers,109,
456,"Sun, Dec 25, 2016",10:30 PM,Los Angeles Clippers,102,Los Angeles Lakers,111,
457,"Sun, Dec 25, 2016",12:00 PM,Boston Celtics,119,New York Knicks,114,
458,"Sun, Dec 25, 2016",8:00 PM,Minnesota Timberwolves,100,Oklahoma City Thunder,112,
459,"Sun, Dec 25, 2016",5:00 PM,Chicago Bulls,100,San Antonio Spurs,119,
460,"Mon, Dec 26, 2016",7:30 PM,Charlotte Hornets,118,Brooklyn Nets,120,
461,"Mon, Dec 26, 2016",8:00 PM,Indiana Pacers,85,Chicago Bulls,90,
462,"Mon, Dec 26, 2016",7:30 PM,Cleveland Cavaliers,90,Detroit Pistons,106,
463,"Mon, Dec 26, 2016",8:00 PM,Phoenix Suns,115,Houston Rockets,131,
464,"Mon, Dec 26, 2016",10:30 PM,Denver Nuggets,106,Los Angeles Clippers,102,
465,"Mon, Dec 26, 2016",8:00 PM,Atlanta Hawks,90,Minnesota Timberwolves,104,
466,"Mon, Dec 26, 2016",8:00 PM,Dallas Mavericks,104,New Orleans Pelicans,111,
467,"Mon, Dec 26, 2016",7:00 PM,Memphis Grizzlies,102,Orlando Magic,112,
468,"Mon, Dec 26, 2016",10:00 PM,Toronto Raptors,95,Portland Trail Blazers,91,
469,"Mon, Dec 26, 2016",10:30 PM,Philadelphia 76ers,100,Sacramento Kings,102,
470,"Mon, Dec 26, 2016",7:00 PM,Milwaukee Bucks,102,Washington Wizards,107,
471,"Tue, Dec 27, 2016",7:30 PM,Memphis Grizzlies,103,Boston Celtics,113,
472,"Tue, Dec 27, 2016",8:30 PM,Houston Rockets,123,Dallas Mavericks,107,
473,"Tue, Dec 27, 2016",10:30 PM,Utah Jazz,102,Los Angeles Lakers,100,
474,"Tue, Dec 27, 2016",7:30 PM,Oklahoma City Thunder,106,Miami Heat,94,
475,"Wed, Dec 28, 2016",7:30 PM,New York Knicks,98,Atlanta Hawks,102,OT
476,"Wed, Dec 28, 2016",8:00 PM,Brooklyn Nets,99,Chicago Bulls,101,
477,"Wed, Dec 28, 2016",9:00 PM,Minnesota Timberwolves,103,Denver Nuggets,105,
478,"Wed, Dec 28, 2016",7:30 PM,Milwaukee Bucks,119,Detroit Pistons,94,
479,"Wed, Dec 28, 2016",10:30 PM,Toronto Raptors,111,Golden State Warriors,121,
480,"Wed, Dec 28, 2016",8:00 PM,Los Angeles Clippers,98,New Orleans Pelicans,102,
481,"Wed, Dec 28, 2016",7:00 PM,Charlotte Hornets,120,Orlando Magic,101,
482,"Wed, Dec 28, 2016",10:00 PM,Sacramento Kings,89,Portland Trail Blazers,102,
483,"Wed, Dec 28, 2016",8:30 PM,Phoenix Suns,98,San Antonio Spurs,119,
484,"Wed, Dec 28, 2016",7:00 PM,Indiana Pacers,105,Washington Wizards,111,
485,"Thu, Dec 29, 2016",7:00 PM,Miami Heat,82,Charlotte Hornets,91,
486,"Thu, Dec 29, 2016",8:00 PM,Boston Celtics,118,Cleveland Cavaliers,124,
487,"Thu, Dec 29, 2016",10:30 PM,Dallas Mavericks,101,Los Angeles Lakers,89,
488,"Thu, Dec 29, 2016",8:00 PM,Oklahoma City Thunder,80,Memphis Grizzlies,114,
489,"Thu, Dec 29, 2016",9:00 PM,Toronto Raptors,91,Phoenix Suns,99,
490,"Thu, Dec 29, 2016",9:00 PM,Philadelphia 76ers,83,Utah Jazz,100,
491,"Fri, Dec 30, 2016",8:00 PM,Detroit Pistons,98,Atlanta Hawks,105,
492,"Fri, Dec 30, 2016",7:30 PM,Miami Heat,114,Boston Celtics,117,
493,"Fri, Dec 30, 2016",9:00 PM,Philadelphia 76ers,124,Denver Nuggets,122,
494,"Fri, Dec 30, 2016",10:30 PM,Dallas Mavericks,99,Golden State Warriors,108,
495,"Fri, Dec 30, 2016",8:00 PM,Los Angeles Clippers,116,Houston Rockets,140,
496,"Fri, Dec 30, 2016",4:00 PM,Chicago Bulls,101,Indiana Pacers,111,
497,"Fri, Dec 30, 2016",8:00 PM,Milwaukee Bucks,99,Minnesota Timberwolves,116,
498,"Fri, Dec 30, 2016",8:00 PM,New York Knicks,92,New Orleans Pelicans,104,
499,"Fri, Dec 30, 2016",8:30 PM,Portland Trail Blazers,94,San Antonio Spurs,110,
500,"Fri, Dec 30, 2016",7:00 PM,Brooklyn Nets,95,Washington Wizards,118,
501,"Sat, Dec 31, 2016",7:00 PM,Milwaukee Bucks,116,Chicago Bulls,96,
502,"Sat, Dec 31, 2016",7:00 PM,Cleveland Cavaliers,121,Charlotte Hornets,109,
503,"Sat, Dec 31, 2016",8:00 PM,New York Knicks,122,Houston Rockets,129,
504,"Sat, Dec 31, 2016",8:00 PM,Los Angeles Clippers,88,Oklahoma City Thunder,114,
505,"Sat, Dec 31, 2016",5:00 PM,Memphis Grizzlies,112,Sacramento Kings,98,
506,"Sat, Dec 31, 2016",8:00 PM,Phoenix Suns,86,Utah Jazz,91,
507,"Sun, Jan 1, 2017",6:00 PM,San Antonio Spurs,112,Atlanta Hawks,114,OT
508,"Sun, Jan 1, 2017",6:00 PM,Orlando Magic,104,Indiana Pacers,117,
509,"Sun, Jan 1, 2017",9:30 PM,Toronto Raptors,123,Los Angeles Lakers,114,
510,"Sun, Jan 1, 2017",6:00 PM,Detroit Pistons,107,Miami Heat,98,
511,"Sun, Jan 1, 2017",7:00 PM,Portland Trail Blazers,95,Minnesota Timberwolves,89,
512,"Mon, Jan 2, 2017",7:30 PM,Utah Jazz,101,Brooklyn Nets,89,
513,"Mon, Jan 2, 2017",8:00 PM,Charlotte Hornets,111,Chicago Bulls,118,
514,"Mon, Jan 2, 2017",7:00 PM,New Orleans Pelicans,82,Cleveland Cavaliers,90,
515,"Mon, Jan 2, 2017",10:30 PM,Denver Nuggets,119,Golden State Warriors,127,
516,"Mon, Jan 2, 2017",8:00 PM,Washington Wizards,91,Houston Rockets,101,
517,"Mon, Jan 2, 2017",10:30 PM,Phoenix Suns,98,Los Angeles Clippers,109,
518,"Mon, Jan 2, 2017",7:00 PM,Oklahoma City Thunder,94,Milwaukee Bucks,98,
519,"Mon, Jan 2, 2017",7:30 PM,Orlando Magic,115,New York Knicks,103,
520,"Tue, Jan 3, 2017",7:30 PM,Utah Jazz,104,Boston Celtics,115,
521,"Tue, Jan 3, 2017",8:30 PM,Washington Wizards,105,Dallas Mavericks,113,
522,"Tue, Jan 3, 2017",9:00 PM,Sacramento Kings,120,Denver Nuggets,113,
523,"Tue, Jan 3, 2017",7:30 PM,Indiana Pacers,121,Detroit Pistons,116,
524,"Tue, Jan 3, 2017",10:30 PM,Memphis Grizzlies,102,Los Angeles Lakers,116,
525,"Tue, Jan 3, 2017",7:00 PM,Minnesota Timberwolves,91,Philadelphia 76ers,93,
526,"Tue, Jan 3, 2017",9:00 PM,Miami Heat,90,Phoenix Suns,99,
527,"Tue, Jan 3, 2017",8:30 PM,Toronto Raptors,82,San Antonio Spurs,110,
528,"Wed, Jan 4, 2017",7:00 PM,Oklahoma City Thunder,112,Charlotte Hornets,123,
529,"Wed, Jan 4, 2017",8:00 PM,Chicago Bulls,106,Cleveland Cavaliers,94,
530,"Wed, Jan 4, 2017",10:30 PM,Portland Trail Blazers,117,Golden State Warriors,125,
531,"Wed, Jan 4, 2017",10:30 PM,Memphis Grizzlies,106,Los Angeles Clippers,115,
532,"Wed, Jan 4, 2017",7:30 PM,Milwaukee Bucks,105,New York Knicks,104,
533,"Wed, Jan 4, 2017",7:00 PM,Atlanta Hawks,111,Orlando Magic,92,
534,"Wed, Jan 4, 2017",10:30 PM,Miami Heat,107,Sacramento Kings,102,
535,"Thu, Jan 5, 2017",8:30 PM,Phoenix Suns,102,Dallas Mavericks,95,
536,"Thu, Jan 5, 2017",9:00 PM,San Antonio Spurs,127,Denver Nuggets,99,
537,"Thu, Jan 5, 2017",7:30 PM,Charlotte Hornets,114,Detroit Pistons,115,
538,"Thu, Jan 5, 2017",8:00 PM,Oklahoma City Thunder,116,Houston Rockets,118,
539,"Thu, Jan 5, 2017",7:00 PM,Brooklyn Nets,109,Indiana Pacers,121,
540,"Thu, Jan 5, 2017",8:00 PM,Atlanta Hawks,99,New Orleans Pelicans,94,
541,"Thu, Jan 5, 2017",10:30 PM,Los Angeles Lakers,109,Portland Trail Blazers,118,
542,"Thu, Jan 5, 2017",7:30 PM,Utah Jazz,93,Toronto Raptors,101,
543,"Fri, Jan 6, 2017",7:30 PM,Philadelphia 76ers,106,Boston Celtics,110,
544,"Fri, Jan 6, 2017",7:30 PM,Cleveland Cavaliers,116,Brooklyn Nets,108,
545,"Fri, Jan 6, 2017",10:30 PM,Memphis Grizzlies,128,Golden State Warriors,119,OT
546,"Fri, Jan 6, 2017",10:30 PM,Miami Heat,100,Los Angeles Lakers,127,
547,"Fri, Jan 6, 2017",8:00 PM,New York Knicks,116,Milwaukee Bucks,111,
548,"Fri, Jan 6, 2017",7:00 PM,Houston Rockets,100,Orlando Magic,93,
549,"Fri, Jan 6, 2017",10:30 PM,Los Angeles Clippers,106,Sacramento Kings,98,
550,"Fri, Jan 6, 2017",7:00 PM,Minnesota Timberwolves,105,Washington Wizards,112,
551,"Sat, Jan 7, 2017",7:30 PM,New Orleans Pelicans,108,Boston Celtics,117,
552,"Sat, Jan 7, 2017",8:00 PM,Toronto Raptors,118,Chicago Bulls,123,OT
553,"Sat, Jan 7, 2017",8:30 PM,Atlanta Hawks,97,Dallas Mavericks,82,
554,"Sat, Jan 7, 2017",7:00 PM,New York Knicks,109,Indiana Pacers,123,
555,"Sat, Jan 7, 2017",8:00 PM,Utah Jazz,94,Minnesota Timberwolves,92,
556,"Sat, Jan 7, 2017",8:00 PM,Denver Nuggets,106,Oklahoma City Thunder,121,
557,"Sat, Jan 7, 2017",8:30 PM,Charlotte Hornets,85,San Antonio Spurs,102,
558,"Sun, Jan 8, 2017",12:00 PM,Philadelphia 76ers,105,Brooklyn Nets,95,
559,"Sun, Jan 8, 2017",3:30 PM,Miami Heat,86,Los Angeles Clippers,98,
560,"Sun, Jan 8, 2017",9:30 PM,Orlando Magic,95,Los Angeles Lakers,111,
561,"Sun, Jan 8, 2017",8:00 PM,Utah Jazz,79,Memphis Grizzlies,88,
562,"Sun, Jan 8, 2017",2:00 PM,Washington Wizards,107,Milwaukee Bucks,101,
563,"Sun, Jan 8, 2017",8:30 PM,Cleveland Cavaliers,120,Phoenix Suns,116,
564,"Sun, Jan 8, 2017",9:00 PM,Detroit Pistons,125,Portland Trail Blazers,124,2OT
565,"Sun, Jan 8, 2017",9:00 PM,Golden State Warriors,117,Sacramento Kings,106,
566,"Sun, Jan 8, 2017",6:00 PM,Houston Rockets,129,Toronto Raptors,122,
567,"Mon, Jan 9, 2017",8:00 PM,Oklahoma City Thunder,109,Chicago Bulls,94,
568,"Mon, Jan 9, 2017",8:00 PM,Dallas Mavericks,92,Minnesota Timberwolves,101,
569,"Mon, Jan 9, 2017",7:30 PM,New Orleans Pelicans,110,New York Knicks,96,
570,"Tue, Jan 10, 2017",7:30 PM,Atlanta Hawks,117,Brooklyn Nets,97,
571,"Tue, Jan 10, 2017",10:30 PM,Miami Heat,95,Golden State Warriors,107,
572,"Tue, Jan 10, 2017",8:00 PM,Charlotte Hornets,114,Houston Rockets,121,
573,"Tue, Jan 10, 2017",10:30 PM,Portland Trail Blazers,108,Los Angeles Lakers,87,
574,"Tue, Jan 10, 2017",10:30 PM,Detroit Pistons,94,Sacramento Kings,100,
575,"Tue, Jan 10, 2017",8:30 PM,Milwaukee Bucks,109,San Antonio Spurs,107,
576,"Tue, Jan 10, 2017",7:30 PM,Boston Celtics,106,Toronto Raptors,114,
577,"Tue, Jan 10, 2017",9:00 PM,Cleveland Cavaliers,92,Utah Jazz,100,
578,"Tue, Jan 10, 2017",7:00 PM,Chicago Bulls,99,Washington Wizards,101,
579,"Wed, Jan 11, 2017",8:00 PM,Washington Wizards,108,Boston Celtics,117,
580,"Wed, Jan 11, 2017",10:30 PM,Orlando Magic,96,Los Angeles Clippers,105,
581,"Wed, Jan 11, 2017",8:00 PM,Houston Rockets,105,Minnesota Timberwolves,119,
582,"Wed, Jan 11, 2017",8:00 PM,Memphis Grizzlies,95,Oklahoma City Thunder,103,
583,"Wed, Jan 11, 2017",7:00 PM,New York Knicks,97,Philadelphia 76ers,98,
584,"Wed, Jan 11, 2017",10:30 PM,Cleveland Cavaliers,86,Portland Trail Blazers,102,
585,"Thu, Jan 12, 2017",7:30 PM,New Orleans Pelicans,104,Brooklyn Nets,95,
586,"Thu, Jan 12, 2017",3:00 PM,Indiana Pacers,112,Denver Nuggets,140,
587,"Thu, Jan 12, 2017",10:30 PM,Detroit Pistons,107,Golden State Warriors,127,
588,"Thu, Jan 12, 2017",8:00 PM,Chicago Bulls,89,New York Knicks,104,
589,"Thu, Jan 12, 2017",10:00 PM,Dallas Mavericks,113,Phoenix Suns,108,
590,"Thu, Jan 12, 2017",8:30 PM,Los Angeles Lakers,94,San Antonio Spurs,134,
591,"Fri, Jan 13, 2017",8:00 PM,Boston Celtics,103,Atlanta Hawks,101,
592,"Fri, Jan 13, 2017",8:00 PM,Memphis Grizzlies,110,Houston Rockets,105,
593,"Fri, Jan 13, 2017",8:00 PM,Miami Heat,108,Milwaukee Bucks,116,
594,"Fri, Jan 13, 2017",8:00 PM,Oklahoma City Thunder,86,Minnesota Timberwolves,96,
595,"Fri, Jan 13, 2017",7:00 PM,Charlotte Hornets,93,Philadelphia 76ers,102,
596,"Fri, Jan 13, 2017",10:00 PM,Orlando Magic,115,Portland Trail Blazers,109,
597,"Fri, Jan 13, 2017",10:30 PM,Cleveland Cavaliers,120,Sacramento Kings,108,
598,"Fri, Jan 13, 2017",7:30 PM,Brooklyn Nets,113,Toronto Raptors,132,
599,"Fri, Jan 13, 2017",10:30 PM,Detroit Pistons,77,Utah Jazz,110,
600,"Sat, Jan 14, 2017",5:00 PM,New Orleans Pelicans,99,Chicago Bulls,107,
601,"Sat, Jan 14, 2017",3:30 PM,Los Angeles Lakers,97,Los Angeles Clippers,113,
602,"Sat, Jan 14, 2017",6:00 PM,San Antonio Spurs,105,Phoenix Suns,108,
603,"Sat, Jan 14, 2017",9:00 PM,Orlando Magic,107,Utah Jazz,114,
604,"Sat, Jan 14, 2017",8:00 PM,Philadelphia 76ers,93,Washington Wizards,109,
605,"Sun, Jan 15, 2017",3:00 PM,Milwaukee Bucks,98,Atlanta Hawks,111,
606,"Sun, Jan 15, 2017",6:00 PM,Houston Rockets,137,Brooklyn Nets,112,
607,"Sun, Jan 15, 2017",2:00 PM,Minnesota Timberwolves,87,Dallas Mavericks,98,
608,"Sun, Jan 15, 2017",9:30 PM,Detroit Pistons,102,Los Angeles Lakers,97,
609,"Sun, Jan 15, 2017",9:00 PM,Chicago Bulls,108,Memphis Grizzlies,104,
610,"Sun, Jan 15, 2017",9:00 PM,Oklahoma City Thunder,122,Sacramento Kings,118,
611,"Sun, Jan 15, 2017",3:00 PM,New York Knicks,101,Toronto Raptors,116,
612,"Mon, Jan 16, 2017",7:30 PM,Charlotte Hornets,98,Boston Celtics,108,
613,"Mon, Jan 16, 2017",5:00 PM,Orlando Magic,112,Denver Nuggets,125,
614,"Mon, Jan 16, 2017",8:00 PM,Cleveland Cavaliers,91,Golden State Warriors,126,
615,"Mon, Jan 16, 2017",4:00 PM,New Orleans Pelicans,95,Indiana Pacers,98,
616,"Mon, Jan 16, 2017",10:30 PM,Oklahoma City Thunder,98,Los Angeles Clippers,120,
617,"Mon, Jan 16, 2017",3:30 PM,Philadelphia 76ers,113,Milwaukee Bucks,104,
618,"Mon, Jan 16, 2017",1:00 PM,Atlanta Hawks,108,New York Knicks,107,
619,"Mon, Jan 16, 2017",9:00 PM,Utah Jazz,106,Phoenix Suns,101,
620,"Mon, Jan 16, 2017",2:00 PM,Portland Trail Blazers,101,Washington Wizards,120,
621,"Tue, Jan 17, 2017",7:30 PM,Toronto Raptors,119,Brooklyn Nets,109,
622,"Tue, Jan 17, 2017",8:00 PM,Dallas Mavericks,99,Chicago Bulls,98,
623,"Tue, Jan 17, 2017",10:30 PM,Denver Nuggets,127,Los Angeles Lakers,121,
624,"Tue, Jan 17, 2017",7:30 PM,Houston Rockets,103,Miami Heat,109,
625,"Tue, Jan 17, 2017",8:30 PM,Minnesota Timberwolves,114,San Antonio Spurs,122,
626,"Wed, Jan 18, 2017",7:30 PM,New York Knicks,117,Boston Celtics,106,
627,"Wed, Jan 18, 2017",7:00 PM,Portland Trail Blazers,85,Charlotte Hornets,107,
628,"Wed, Jan 18, 2017",8:00 PM,Atlanta Hawks,95,Detroit Pistons,118,
629,"Wed, Jan 18, 2017",10:30 PM,Oklahoma City Thunder,100,Golden State Warriors,121,
630,"Wed, Jan 18, 2017",8:00 PM,Milwaukee Bucks,92,Houston Rockets,111,
631,"Wed, Jan 18, 2017",8:00 PM,Orlando Magic,98,New Orleans Pelicans,118,
632,"Wed, Jan 18, 2017",7:00 PM,Toronto Raptors,89,Philadelphia 76ers,94,
633,"Wed, Jan 18, 2017",10:30 PM,Indiana Pacers,106,Sacramento Kings,100,
634,"Wed, Jan 18, 2017",7:00 PM,Memphis Grizzlies,101,Washington Wizards,104,
635,"Thu, Jan 19, 2017",7:00 PM,Phoenix Suns,103,Cleveland Cavaliers,118,
636,"Thu, Jan 19, 2017",10:30 PM,Minnesota Timberwolves,104,Los Angeles Clippers,101,
637,"Thu, Jan 19, 2017",7:30 PM,Dallas Mavericks,95,Miami Heat,99,
638,"Thu, Jan 19, 2017",8:00 PM,Washington Wizards,113,New York Knicks,110,
639,"Thu, Jan 19, 2017",8:30 PM,Denver Nuggets,104,San Antonio Spurs,118,
640,"Fri, Jan 20, 2017",8:00 PM,Chicago Bulls,93,Atlanta Hawks,102,
641,"Fri, Jan 20, 2017",7:00 PM,Toronto Raptors,78,Charlotte Hornets,113,
642,"Fri, Jan 20, 2017",8:30 PM,Utah Jazz,112,Dallas Mavericks,107,OT
643,"Fri, Jan 20, 2017",8:00 PM,Golden State Warriors,125,Houston Rockets,108,
644,"Fri, Jan 20, 2017",10:30 PM,Indiana Pacers,95,Los Angeles Lakers,108,
645,"Fri, Jan 20, 2017",8:00 PM,Sacramento Kings,91,Memphis Grizzlies,107,
646,"Fri, Jan 20, 2017",8:00 PM,Brooklyn Nets,143,New Orleans Pelicans,114,
647,"Fri, Jan 20, 2017",7:00 PM,Milwaukee Bucks,96,Orlando Magic,112,
648,"Fri, Jan 20, 2017",7:00 PM,Portland Trail Blazers,92,Philadelphia 76ers,93,
649,"Sat, Jan 21, 2017",7:00 PM,Philadelphia 76ers,93,Atlanta Hawks,110,
650,"Sat, Jan 21, 2017",5:00 PM,Portland Trail Blazers,127,Boston Celtics,123,OT
651,"Sat, Jan 21, 2017",9:00 PM,Sacramento Kings,99,Chicago Bulls,102,
652,"Sat, Jan 21, 2017",7:00 PM,Brooklyn Nets,105,Charlotte Hornets,112,
653,"Sat, Jan 21, 2017",8:30 PM,San Antonio Spurs,118,Cleveland Cavaliers,115,OT
654,"Sat, Jan 21, 2017",9:00 PM,Los Angeles Clippers,98,Denver Nuggets,123,
655,"Sat, Jan 21, 2017",6:00 PM,Washington Wizards,112,Detroit Pistons,113,
656,"Sat, Jan 21, 2017",8:00 PM,Houston Rockets,119,Memphis Grizzlies,95,
657,"Sat, Jan 21, 2017",7:30 PM,Milwaukee Bucks,97,Miami Heat,109,
658,"Sat, Jan 21, 2017",7:30 PM,Phoenix Suns,107,New York Knicks,105,
659,"Sat, Jan 21, 2017",9:00 PM,Indiana Pacers,100,Utah Jazz,109,
660,"Sun, Jan 22, 2017",3:30 PM,Los Angeles Lakers,73,Dallas Mavericks,122,
661,"Sun, Jan 22, 2017",7:00 PM,Denver Nuggets,108,Minnesota Timberwolves,111,
662,"Sun, Jan 22, 2017",12:00 PM,Golden State Warriors,118,Orlando Magic,98,
663,"Sun, Jan 22, 2017",6:00 PM,Phoenix Suns,115,Toronto Raptors,103,
664,"Mon, Jan 23, 2017",7:30 PM,Los Angeles Clippers,115,Atlanta Hawks,105,
665,"Mon, Jan 23, 2017",7:30 PM,San Antonio Spurs,112,Brooklyn Nets,86,
666,"Mon, Jan 23, 2017",7:00 PM,Washington Wizards,109,Charlotte Hornets,99,
667,"Mon, Jan 23, 2017",7:30 PM,Sacramento Kings,109,Detroit Pistons,104,
668,"Mon, Jan 23, 2017",8:00 PM,New York Knicks,109,Indiana Pacers,103,
669,"Mon, Jan 23, 2017",7:30 PM,Golden State Warriors,102,Miami Heat,105,
670,"Mon, Jan 23, 2017",8:00 PM,Houston Rockets,114,Milwaukee Bucks,127,
671,"Mon, Jan 23, 2017",8:00 PM,Cleveland Cavaliers,122,New Orleans Pelicans,124,
672,"Mon, Jan 23, 2017",9:00 PM,Oklahoma City Thunder,97,Utah Jazz,95,
673,"Tue, Jan 24, 2017",9:00 PM,Utah Jazz,93,Denver Nuggets,103,
674,"Tue, Jan 24, 2017",7:00 PM,Chicago Bulls,100,Orlando Magic,92,
675,"Tue, Jan 24, 2017",7:00 PM,Los Angeles Clippers,110,Philadelphia 76ers,121,
676,"Tue, Jan 24, 2017",9:00 PM,Minnesota Timberwolves,112,Phoenix Suns,111,
677,"Tue, Jan 24, 2017",7:00 PM,San Antonio Spurs,108,Toronto Raptors,106,
678,"Tue, Jan 24, 2017",7:00 PM,Boston Celtics,108,Washington Wizards,123,
679,"Wed, Jan 25, 2017",7:30 PM,Houston Rockets,109,Boston Celtics,120,
680,"Wed, Jan 25, 2017",7:30 PM,Miami Heat,109,Brooklyn Nets,106,
681,"Wed, Jan 25, 2017",8:00 PM,Atlanta Hawks,119,Chicago Bulls,114,
682,"Wed, Jan 25, 2017",8:00 PM,Golden State Warriors,113,Charlotte Hornets,103,
683,"Wed, Jan 25, 2017",7:00 PM,Sacramento Kings,116,Cleveland Cavaliers,112,OT
684,"Wed, Jan 25, 2017",8:30 PM,New York Knicks,95,Dallas Mavericks,103,
685,"Wed, Jan 25, 2017",8:00 PM,Toronto Raptors,99,Memphis Grizzlies,101,
686,"Wed, Jan 25, 2017",8:00 PM,Philadelphia 76ers,114,Milwaukee Bucks,109,
687,"Wed, Jan 25, 2017",8:00 PM,Oklahoma City Thunder,114,New Orleans Pelicans,105,
688,"Wed, Jan 25, 2017",10:30 PM,Los Angeles Lakers,98,Portland Trail Blazers,105,
689,"Thu, Jan 26, 2017",9:00 PM,Phoenix Suns,120,Denver Nuggets,127,
690,"Thu, Jan 26, 2017",8:00 PM,Indiana Pacers,109,Minnesota Timberwolves,103,
691,"Thu, Jan 26, 2017",8:00 PM,Dallas Mavericks,98,Oklahoma City Thunder,109,
692,"Thu, Jan 26, 2017",10:30 PM,Los Angeles Lakers,88,Utah Jazz,96,
693,"Fri, Jan 27, 2017",8:00 PM,Washington Wizards,112,Atlanta Hawks,86,
694,"Fri, Jan 27, 2017",7:30 PM,Orlando Magic,98,Boston Celtics,128,
695,"Fri, Jan 27, 2017",8:00 PM,Miami Heat,100,Chicago Bulls,88,
696,"Fri, Jan 27, 2017",7:30 PM,Brooklyn Nets,116,Cleveland Cavaliers,124,
697,"Fri, Jan 27, 2017",7:00 PM,Sacramento Kings,111,Indiana Pacers,115,OT
698,"Fri, Jan 27, 2017",8:00 PM,San Antonio Spurs,103,New Orleans Pelicans,119,
699,"Fri, Jan 27, 2017",7:30 PM,Charlotte Hornets,107,New York Knicks,110,
700,"Fri, Jan 27, 2017",8:00 PM,Houston Rockets,123,Philadelphia 76ers,118,
701,"Fri, Jan 27, 2017",10:00 PM,Memphis Grizzlies,109,Portland Trail Blazers,112,
702,"Fri, Jan 27, 2017",7:30 PM,Milwaukee Bucks,86,Toronto Raptors,102,
703,"Sat, Jan 28, 2017",7:00 PM,Sacramento Kings,109,Charlotte Hornets,106,
704,"Sat, Jan 28, 2017",8:30 PM,Los Angeles Clippers,98,Golden State Warriors,144,
705,"Sat, Jan 28, 2017",7:30 PM,Detroit Pistons,103,Miami Heat,116,
706,"Sat, Jan 28, 2017",8:00 PM,Boston Celtics,112,Milwaukee Bucks,108,OT
707,"Sat, Jan 28, 2017",9:00 PM,Brooklyn Nets,109,Minnesota Timberwolves,129,
708,"Sat, Jan 28, 2017",9:00 PM,Denver Nuggets,123,Phoenix Suns,112,
709,"Sat, Jan 28, 2017",9:00 PM,Memphis Grizzlies,102,Utah Jazz,95,
710,"Sun, Jan 29, 2017",3:00 PM,New York Knicks,139,Atlanta Hawks,142,4OT
711,"Sun, Jan 29, 2017",7:00 PM,Philadelphia 76ers,108,Chicago Bulls,121,
712,"Sun, Jan 29, 2017",3:30 PM,Oklahoma City Thunder,91,Cleveland Cavaliers,107,
713,"Sun, Jan 29, 2017",6:00 PM,Houston Rockets,101,Indiana Pacers,120,
714,"Sun, Jan 29, 2017",6:00 PM,Washington Wizards,107,New Orleans Pelicans,94,
715,"Sun, Jan 29, 2017",9:00 PM,Golden State Warriors,113,Portland Trail Blazers,111,
716,"Sun, Jan 29, 2017",7:00 PM,Dallas Mavericks,105,San Antonio Spurs,101,
717,"Sun, Jan 29, 2017",6:00 PM,Orlando Magic,114,Toronto Raptors,113,
718,"Mon, Jan 30, 2017",8:00 PM,Detroit Pistons,109,Boston Celtics,113,
719,"Mon, Jan 30, 2017",8:30 PM,Cleveland Cavaliers,97,Dallas Mavericks,104,
720,"Mon, Jan 30, 2017",7:30 PM,Brooklyn Nets,96,Miami Heat,104,
721,"Mon, Jan 30, 2017",8:00 PM,Orlando Magic,105,Minnesota Timberwolves,111,OT
722,"Mon, Jan 30, 2017",6:00 PM,Sacramento Kings,119,Philadelphia 76ers,122,
723,"Mon, Jan 30, 2017",10:30 PM,Memphis Grizzlies,115,Phoenix Suns,96,
724,"Tue, Jan 31, 2017",8:00 PM,Sacramento Kings,83,Houston Rockets,105,
725,"Tue, Jan 31, 2017",10:30 PM,Denver Nuggets,116,Los Angeles Lakers,120,
726,"Tue, Jan 31, 2017",10:00 PM,Charlotte Hornets,98,Portland Trail Blazers,115,
727,"Tue, Jan 31, 2017",8:30 PM,Oklahoma City Thunder,94,San Antonio Spurs,108,
728,"Tue, Jan 31, 2017",7:00 PM,New Orleans Pelicans,106,Toronto Raptors,108,OT
729,"Tue, Jan 31, 2017",7:00 PM,New York Knicks,101,Washington Wizards,117,
730,"Wed, Feb 1, 2017",7:30 PM,Toronto Raptors,104,Boston Celtics,109,
731,"Wed, Feb 1, 2017",7:30 PM,New York Knicks,95,Brooklyn Nets,90,
732,"Wed, Feb 1, 2017",7:00 PM,Minnesota Timberwolves,97,Cleveland Cavaliers,125,
733,"Wed, Feb 1, 2017",8:30 PM,Philadelphia 76ers,95,Dallas Mavericks,113,
734,"Wed, Feb 1, 2017",9:00 PM,Memphis Grizzlies,119,Denver Nuggets,99,
735,"Wed, Feb 1, 2017",7:30 PM,New Orleans Pelicans,98,Detroit Pistons,118,
736,"Wed, Feb 1, 2017",10:30 PM,Charlotte Hornets,111,Golden State Warriors,126,
737,"Wed, Feb 1, 2017",7:30 PM,Atlanta Hawks,93,Miami Heat,116,
738,"Wed, Feb 1, 2017",9:30 PM,Chicago Bulls,128,Oklahoma City Thunder,100,
739,"Wed, Feb 1, 2017",7:00 PM,Indiana Pacers,98,Orlando Magic,88,
740,"Wed, Feb 1, 2017",9:00 PM,Los Angeles Clippers,124,Phoenix Suns,114,
741,"Wed, Feb 1, 2017",9:00 PM,Milwaukee Bucks,88,Utah Jazz,104,
742,"Thu, Feb 2, 2017",8:00 PM,Atlanta Hawks,113,Houston Rockets,108,
743,"Thu, Feb 2, 2017",10:30 PM,Golden State Warriors,133,Los Angeles Clippers,120,
744,"Thu, Feb 2, 2017",8:30 PM,Philadelphia 76ers,86,San Antonio Spurs,102,
745,"Thu, Feb 2, 2017",7:00 PM,Los Angeles Lakers,108,Washington Wizards,116,
746,"Fri, Feb 3, 2017",8:00 PM,Los Angeles Lakers,107,Boston Celtics,113,
747,"Fri, Feb 3, 2017",7:30 PM,Indiana Pacers,106,Brooklyn Nets,97,
748,"Fri, Feb 3, 2017",9:00 PM,Milwaukee Bucks,117,Denver Nuggets,121,
749,"Fri, Feb 3, 2017",7:30 PM,Minnesota Timberwolves,108,Detroit Pistons,116,
750,"Fri, Feb 3, 2017",8:00 PM,Chicago Bulls,117,Houston Rockets,121,OT
751,"Fri, Feb 3, 2017",8:00 PM,Memphis Grizzlies,102,Oklahoma City Thunder,114,
752,"Fri, Feb 3, 2017",7:00 PM,Toronto Raptors,94,Orlando Magic,102,
753,"Fri, Feb 3, 2017",10:30 PM,Dallas Mavericks,108,Portland Trail Blazers,104,
754,"Fri, Feb 3, 2017",10:30 PM,Phoenix Suns,105,Sacramento Kings,103,
755,"Sat, Feb 4, 2017",7:00 PM,Orlando Magic,86,Atlanta Hawks,113,
756,"Sat, Feb 4, 2017",7:00 PM,Detroit Pistons,84,Indiana Pacers,105,
757,"Sat, Feb 4, 2017",7:30 PM,Philadelphia 76ers,102,Miami Heat,125,
758,"Sat, Feb 4, 2017",9:00 PM,Memphis Grizzlies,107,Minnesota Timberwolves,99,
759,"Sat, Feb 4, 2017",8:30 PM,Cleveland Cavaliers,111,New York Knicks,104,
760,"Sat, Feb 4, 2017",9:00 PM,Milwaukee Bucks,137,Phoenix Suns,112,
761,"Sat, Feb 4, 2017",10:30 PM,Golden State Warriors,106,Sacramento Kings,109,OT
762,"Sat, Feb 4, 2017",9:00 PM,Denver Nuggets,97,San Antonio Spurs,121,
763,"Sat, Feb 4, 2017",9:00 PM,Charlotte Hornets,98,Utah Jazz,105,
764,"Sat, Feb 4, 2017",7:00 PM,New Orleans Pelicans,91,Washington Wizards,105,
765,"Sun, Feb 5, 2017",2:00 PM,Los Angeles Clippers,102,Boston Celtics,107,
766,"Sun, Feb 5, 2017",12:00 PM,Toronto Raptors,103,Brooklyn Nets,95,
767,"Sun, Feb 5, 2017",3:00 PM,Portland Trail Blazers,99,Oklahoma City Thunder,105,
768,"Mon, Feb 6, 2017",7:30 PM,Utah Jazz,120,Atlanta Hawks,95,
769,"Mon, Feb 6, 2017",9:00 PM,Dallas Mavericks,87,Denver Nuggets,110,
770,"Mon, Feb 6, 2017",7:30 PM,Philadelphia 76ers,96,Detroit Pistons,113,
771,"Mon, Feb 6, 2017",7:00 PM,Oklahoma City Thunder,90,Indiana Pacers,93,
772,"Mon, Feb 6, 2017",9:30 PM,San Antonio Spurs,74,Memphis Grizzlies,89,
773,"Mon, Feb 6, 2017",8:00 PM,Miami Heat,115,Minnesota Timberwolves,113,
774,"Mon, Feb 6, 2017",8:00 PM,Phoenix Suns,106,New Orleans Pelicans,111,
775,"Mon, Feb 6, 2017",7:00 PM,Los Angeles Lakers,121,New York Knicks,107,
776,"Mon, Feb 6, 2017",10:30 PM,Chicago Bulls,112,Sacramento Kings,107,
777,"Mon, Feb 6, 2017",7:30 PM,Los Angeles Clippers,109,Toronto Raptors,118,
778,"Mon, Feb 6, 2017",7:00 PM,Cleveland Cavaliers,140,Washington Wizards,135,OT
779,"Tue, Feb 7, 2017",7:00 PM,Brooklyn Nets,107,Charlotte Hornets,111,
780,"Tue, Feb 7, 2017",8:30 PM,Portland Trail Blazers,114,Dallas Mavericks,113,
781,"Tue, Feb 7, 2017",8:00 PM,Orlando Magic,104,Houston Rockets,128,
782,"Wed, Feb 8, 2017",7:30 PM,Denver Nuggets,106,Atlanta Hawks,117,
783,"Wed, Feb 8, 2017",7:30 PM,Washington Wizards,114,Brooklyn Nets,110,OT
784,"Wed, Feb 8, 2017",7:30 PM,Los Angeles Lakers,102,Detroit Pistons,121,
785,"Wed, Feb 8, 2017",10:30 PM,Chicago Bulls,92,Golden State Warriors,123,
786,"Wed, Feb 8, 2017",7:00 PM,Cleveland Cavaliers,132,Indiana Pacers,117,
787,"Wed, Feb 8, 2017",8:00 PM,Phoenix Suns,91,Memphis Grizzlies,110,
788,"Wed, Feb 8, 2017",8:00 PM,Miami Heat,106,Milwaukee Bucks,88,
789,"Wed, Feb 8, 2017",8:00 PM,Toronto Raptors,109,Minnesota Timberwolves,112,
790,"Wed, Feb 8, 2017",8:00 PM,Utah Jazz,127,New Orleans Pelicans,94,
791,"Wed, Feb 8, 2017",8:00 PM,Los Angeles Clippers,119,New York Knicks,115,
792,"Wed, Feb 8, 2017",7:00 PM,San Antonio Spurs,111,Philadelphia 76ers,103,
793,"Wed, Feb 8, 2017",10:30 PM,Boston Celtics,92,Sacramento Kings,108,
794,"Thu, Feb 9, 2017",7:00 PM,Houston Rockets,107,Charlotte Hornets,95,
795,"Thu, Feb 9, 2017",8:30 PM,Utah Jazz,105,Dallas Mavericks,112,OT
796,"Thu, Feb 9, 2017",8:00 PM,Cleveland Cavaliers,109,Oklahoma City Thunder,118,
797,"Thu, Feb 9, 2017",7:00 PM,Philadelphia 76ers,112,Orlando Magic,111,
798,"Thu, Feb 9, 2017",10:30 PM,Boston Celtics,120,Portland Trail Blazers,111,
799,"Fri, Feb 10, 2017",7:30 PM,Miami Heat,108,Brooklyn Nets,99,
800,"Fri, Feb 10, 2017",7:30 PM,San Antonio Spurs,103,Detroit Pistons,92,
801,"Fri, Feb 10, 2017",8:00 PM,Golden State Warriors,122,Memphis Grizzlies,107,
802,"Fri, Feb 10, 2017",8:00 PM,Los Angeles Lakers,122,Milwaukee Bucks,114,
803,"Fri, Feb 10, 2017",8:00 PM,New Orleans Pelicans,122,Minnesota Timberwolves,106,
804,"Fri, Feb 10, 2017",7:30 PM,Denver Nuggets,131,New York Knicks,123,
805,"Fri, Feb 10, 2017",10:30 PM,Chicago Bulls,97,Phoenix Suns,115,
806,"Fri, Feb 10, 2017",10:30 PM,Atlanta Hawks,107,Sacramento Kings,108,
807,"Fri, Feb 10, 2017",8:00 PM,Indiana Pacers,107,Washington Wizards,112,
808,"Sat, Feb 11, 2017",5:00 PM,Los Angeles Clippers,107,Charlotte Hornets,102,
809,"Sat, Feb 11, 2017",7:30 PM,Denver Nuggets,109,Cleveland Cavaliers,125,
810,"Sat, Feb 11, 2017",9:00 PM,Orlando Magic,80,Dallas Mavericks,112,
811,"Sat, Feb 11, 2017",9:00 PM,Phoenix Suns,102,Houston Rockets,133,
812,"Sat, Feb 11, 2017",7:00 PM,Milwaukee Bucks,116,Indiana Pacers,100,
813,"Sat, Feb 11, 2017",8:30 PM,Golden State Warriors,130,Oklahoma City Thunder,114,
814,"Sat, Feb 11, 2017",7:30 PM,Miami Heat,109,Philadelphia 76ers,117,
815,"Sat, Feb 11, 2017",10:00 PM,Boston Celtics,112,Utah Jazz,104,
816,"Sun, Feb 12, 2017",3:30 PM,Chicago Bulls,89,Minnesota Timberwolves,117,
817,"Sun, Feb 12, 2017",3:30 PM,San Antonio Spurs,90,New York Knicks,94,
818,"Sun, Feb 12, 2017",9:00 PM,New Orleans Pelicans,99,Sacramento Kings,105,
819,"Sun, Feb 12, 2017",6:00 PM,Detroit Pistons,102,Toronto Raptors,101,
820,"Mon, Feb 13, 2017",7:30 PM,Memphis Grizzlies,112,Brooklyn Nets,103,
821,"Mon, Feb 13, 2017",7:00 PM,Philadelphia 76ers,105,Charlotte Hornets,99,
822,"Mon, Feb 13, 2017",8:30 PM,Boston Celtics,111,Dallas Mavericks,98,
823,"Mon, Feb 13, 2017",9:00 PM,Golden State Warriors,110,Denver Nuggets,132,
824,"Mon, Feb 13, 2017",7:00 PM,San Antonio Spurs,110,Indiana Pacers,106,
825,"Mon, Feb 13, 2017",7:30 PM,Orlando Magic,116,Miami Heat,107,
826,"Mon, Feb 13, 2017",8:00 PM,Detroit Pistons,89,Milwaukee Bucks,102,
827,"Mon, Feb 13, 2017",9:00 PM,New Orleans Pelicans,110,Phoenix Suns,108,
828,"Mon, Feb 13, 2017",10:30 PM,Atlanta Hawks,109,Portland Trail Blazers,104,OT
829,"Mon, Feb 13, 2017",9:00 PM,Los Angeles Clippers,88,Utah Jazz,72,
830,"Mon, Feb 13, 2017",8:00 PM,Oklahoma City Thunder,98,Washington Wizards,120,
831,"Tue, Feb 14, 2017",8:00 PM,Toronto Raptors,94,Chicago Bulls,105,
832,"Tue, Feb 14, 2017",10:30 PM,Sacramento Kings,97,Los Angeles Lakers,96,
833,"Tue, Feb 14, 2017",8:00 PM,Cleveland Cavaliers,116,Minnesota Timberwolves,108,
834,"Wed, Feb 15, 2017",7:30 PM,Philadelphia 76ers,108,Boston Celtics,116,
835,"Wed, Feb 15, 2017",7:30 PM,Milwaukee Bucks,129,Brooklyn Nets,125,
836,"Wed, Feb 15, 2017",7:00 PM,Indiana Pacers,104,Cleveland Cavaliers,113,
837,"Wed, Feb 15, 2017",9:00 PM,Minnesota Timberwolves,112,Denver Nuggets,99,
838,"Wed, Feb 15, 2017",7:30 PM,Dallas Mavericks,91,Detroit Pistons,98,
839,"Wed, Feb 15, 2017",10:30 PM,Sacramento Kings,86,Golden State Warriors,109,
840,"Wed, Feb 15, 2017",8:00 PM,Miami Heat,117,Houston Rockets,109,
841,"Wed, Feb 15, 2017",10:30 PM,Atlanta Hawks,84,Los Angeles Clippers,99,
842,"Wed, Feb 15, 2017",8:00 PM,New Orleans Pelicans,95,Memphis Grizzlies,91,
843,"Wed, Feb 15, 2017",9:30 PM,New York Knicks,105,Oklahoma City Thunder,116,
844,"Wed, Feb 15, 2017",7:00 PM,San Antonio Spurs,107,Orlando Magic,79,
845,"Wed, Feb 15, 2017",9:00 PM,Los Angeles Lakers,101,Phoenix Suns,137,
846,"Wed, Feb 15, 2017",7:30 PM,Charlotte Hornets,85,Toronto Raptors,90,
847,"Wed, Feb 15, 2017",9:00 PM,Portland Trail Blazers,88,Utah Jazz,111,
848,"Thu, Feb 16, 2017",8:00 PM,Boston Celtics,103,Chicago Bulls,104,
849,"Thu, Feb 16, 2017",7:00 PM,Washington Wizards,111,Indiana Pacers,98,
850,"Thu, Feb 23, 2017",8:00 PM,New York Knicks,104,Cleveland Cavaliers,119,
851,"Thu, Feb 23, 2017",7:30 PM,Charlotte Hornets,108,Detroit Pistons,114,OT
852,"Thu, Feb 23, 2017",10:30 PM,Los Angeles Clippers,113,Golden State Warriors,123,
853,"Thu, Feb 23, 2017",8:00 PM,Houston Rockets,129,New Orleans Pelicans,99,
854,"Thu, Feb 23, 2017",7:00 PM,Portland Trail Blazers,112,Orlando Magic,103,
855,"Thu, Feb 23, 2017",10:30 PM,Denver Nuggets,100,Sacramento Kings,116,
856,"Fri, Feb 24, 2017",8:00 PM,Miami Heat,108,Atlanta Hawks,90,
857,"Fri, Feb 24, 2017",8:00 PM,Phoenix Suns,121,Chicago Bulls,128,OT
858,"Fri, Feb 24, 2017",9:00 PM,Brooklyn Nets,109,Denver Nuggets,129,
859,"Fri, Feb 24, 2017",7:00 PM,Memphis Grizzlies,92,Indiana Pacers,102,
860,"Fri, Feb 24, 2017",10:30 PM,San Antonio Spurs,105,Los Angeles Clippers,97,
861,"Fri, Feb 24, 2017",8:00 PM,Utah Jazz,109,Milwaukee Bucks,95,
862,"Fri, Feb 24, 2017",8:00 PM,Dallas Mavericks,84,Minnesota Timberwolves,97,
863,"Fri, Feb 24, 2017",8:00 PM,Los Angeles Lakers,93,Oklahoma City Thunder,110,
864,"Fri, Feb 24, 2017",7:00 PM,Washington Wizards,112,Philadelphia 76ers,120,
865,"Fri, Feb 24, 2017",8:00 PM,Boston Celtics,97,Toronto Raptors,107,
866,"Sat, Feb 25, 2017",8:30 PM,Chicago Bulls,117,Cleveland Cavaliers,99,
867,"Sat, Feb 25, 2017",8:30 PM,New Orleans Pelicans,83,Dallas Mavericks,96,
868,"Sat, Feb 25, 2017",10:30 PM,Brooklyn Nets,95,Golden State Warriors,112,
869,"Sat, Feb 25, 2017",9:00 PM,Minnesota Timberwolves,130,Houston Rockets,142,
870,"Sat, Feb 25, 2017",8:00 PM,Indiana Pacers,95,Miami Heat,113,
871,"Sat, Feb 25, 2017",7:30 PM,Philadelphia 76ers,109,New York Knicks,110,
872,"Sat, Feb 25, 2017",7:00 PM,Atlanta Hawks,86,Orlando Magic,105,
873,"Sat, Feb 25, 2017",5:00 PM,Charlotte Hornets,99,Sacramento Kings,85,
874,"Sun, Feb 26, 2017",5:00 PM,Memphis Grizzlies,105,Denver Nuggets,98,
875,"Sun, Feb 26, 2017",6:00 PM,Boston Celtics,104,Detroit Pistons,98,
876,"Sun, Feb 26, 2017",9:30 PM,Charlotte Hornets,121,Los Angeles Clippers,124,OT
877,"Sun, Feb 26, 2017",3:30 PM,San Antonio Spurs,119,Los Angeles Lakers,98,
878,"Sun, Feb 26, 2017",3:30 PM,Phoenix Suns,96,Milwaukee Bucks,100,
879,"Sun, Feb 26, 2017",7:00 PM,New Orleans Pelicans,110,Oklahoma City Thunder,118,
880,"Sun, Feb 26, 2017",6:00 PM,Portland Trail Blazers,106,Toronto Raptors,112,
881,"Sun, Feb 26, 2017",5:00 PM,Utah Jazz,102,Washington Wizards,92,
882,"Mon, Feb 27, 2017",7:30 PM,Atlanta Hawks,114,Boston Celtics,98,
883,"Mon, Feb 27, 2017",7:00 PM,Milwaukee Bucks,95,Cleveland Cavaliers,102,
884,"Mon, Feb 27, 2017",8:30 PM,Miami Heat,89,Dallas Mavericks,96,
885,"Mon, Feb 27, 2017",9:30 PM,Indiana Pacers,117,Houston Rockets,108,
886,"Mon, Feb 27, 2017",7:00 PM,Toronto Raptors,92,New York Knicks,91,
887,"Mon, Feb 27, 2017",7:00 PM,Golden State Warriors,119,Philadelphia 76ers,108,
888,"Mon, Feb 27, 2017",10:30 PM,Minnesota Timberwolves,102,Sacramento Kings,88,
889,"Tue, Feb 28, 2017",8:00 PM,Denver Nuggets,125,Chicago Bulls,107,
890,"Tue, Feb 28, 2017",7:30 PM,Portland Trail Blazers,113,Detroit Pistons,120,OT
891,"Tue, Feb 28, 2017",10:30 PM,Charlotte Hornets,109,Los Angeles Lakers,104,
892,"Tue, Feb 28, 2017",8:00 PM,Phoenix Suns,112,Memphis Grizzlies,130,
893,"Tue, Feb 28, 2017",8:00 PM,Utah Jazz,106,Oklahoma City Thunder,109,
894,"Tue, Feb 28, 2017",7:00 PM,Golden State Warriors,108,Washington Wizards,112,
895,"Wed, Mar 1, 2017",7:30 PM,Dallas Mavericks,95,Atlanta Hawks,100,
896,"Wed, Mar 1, 2017",8:00 PM,Cleveland Cavaliers,99,Boston Celtics,103,
897,"Wed, Mar 1, 2017",10:30 PM,Houston Rockets,122,Los Angeles Clippers,103,
898,"Wed, Mar 1, 2017",7:30 PM,Philadelphia 76ers,98,Miami Heat,125,
899,"Wed, Mar 1, 2017",8:00 PM,Denver Nuggets,110,Milwaukee Bucks,98,
900,"Wed, Mar 1, 2017",8:00 PM,Detroit Pistons,86,New Orleans Pelicans,109,
901,"Wed, Mar 1, 2017",7:00 PM,New York Knicks,101,Orlando Magic,90,
902,"Wed, Mar 1, 2017",10:30 PM,Brooklyn Nets,109,Sacramento Kings,100,
903,"Wed, Mar 1, 2017",8:30 PM,Indiana Pacers,99,San Antonio Spurs,100,
904,"Wed, Mar 1, 2017",7:30 PM,Washington Wizards,105,Toronto Raptors,96,
905,"Wed, Mar 1, 2017",9:00 PM,Minnesota Timberwolves,107,Utah Jazz,80,
906,"Thu, Mar 2, 2017",8:00 PM,Golden State Warriors,87,Chicago Bulls,94,
907,"Thu, Mar 2, 2017",9:00 PM,Charlotte Hornets,103,Phoenix Suns,120,
908,"Thu, Mar 2, 2017",10:30 PM,Oklahoma City Thunder,109,Portland Trail Blazers,114,
909,"Fri, Mar 3, 2017",7:00 PM,Cleveland Cavaliers,135,Atlanta Hawks,130,
910,"Fri, Mar 3, 2017",8:30 PM,Memphis Grizzlies,100,Dallas Mavericks,104,
911,"Fri, Mar 3, 2017",10:30 PM,Boston Celtics,115,Los Angeles Lakers,95,
912,"Fri, Mar 3, 2017",8:00 PM,Los Angeles Clippers,101,Milwaukee Bucks,112,
913,"Fri, Mar 3, 2017",9:30 PM,San Antonio Spurs,101,New Orleans Pelicans,98,OT
914,"Fri, Mar 3, 2017",7:00 PM,Miami Heat,99,Orlando Magic,110,
915,"Fri, Mar 3, 2017",7:00 PM,New York Knicks,102,Philadelphia 76ers,105,
916,"Fri, Mar 3, 2017",9:00 PM,Oklahoma City Thunder,111,Phoenix Suns,118,
917,"Fri, Mar 3, 2017",9:00 PM,Brooklyn Nets,97,Utah Jazz,112,
918,"Fri, Mar 3, 2017",7:00 PM,Toronto Raptors,114,Washington Wizards,106,
919,"Sat, Mar 4, 2017",8:30 PM,Los Angeles Clippers,101,Chicago Bulls,91,
920,"Sat, Mar 4, 2017",9:00 PM,Charlotte Hornets,112,Denver Nuggets,102,
921,"Sat, Mar 4, 2017",9:00 PM,Memphis Grizzlies,108,Houston Rockets,123,
922,"Sat, Mar 4, 2017",8:00 PM,Cleveland Cavaliers,92,Miami Heat,120,
923,"Sat, Mar 4, 2017",8:00 PM,Toronto Raptors,94,Milwaukee Bucks,101,
924,"Sat, Mar 4, 2017",6:00 PM,Detroit Pistons,136,Philadelphia 76ers,106,
925,"Sat, Mar 4, 2017",10:00 PM,Brooklyn Nets,116,Portland Trail Blazers,130,
926,"Sat, Mar 4, 2017",9:00 PM,Minnesota Timberwolves,90,San Antonio Spurs,97,OT
927,"Sun, Mar 5, 2017",1:00 PM,Indiana Pacers,97,Atlanta Hawks,96,
928,"Sun, Mar 5, 2017",8:30 PM,Oklahoma City Thunder,89,Dallas Mavericks,104,
929,"Sun, Mar 5, 2017",9:30 PM,New Orleans Pelicans,105,Los Angeles Lakers,97,
930,"Sun, Mar 5, 2017",3:30 PM,Golden State Warriors,112,New York Knicks,105,
931,"Sun, Mar 5, 2017",5:00 PM,Boston Celtics,106,Phoenix Suns,109,
932,"Sun, Mar 5, 2017",6:00 PM,Utah Jazz,110,Sacramento Kings,109,OT
933,"Sun, Mar 5, 2017",5:00 PM,Orlando Magic,114,Washington Wizards,115,
934,"Mon, Mar 6, 2017",7:30 PM,Golden State Warriors,119,Atlanta Hawks,111,
935,"Mon, Mar 6, 2017",8:00 PM,Indiana Pacers,88,Charlotte Hornets,100,
936,"Mon, Mar 6, 2017",7:00 PM,Miami Heat,106,Cleveland Cavaliers,98,
937,"Mon, Mar 6, 2017",9:00 PM,Sacramento Kings,96,Denver Nuggets,108,
938,"Mon, Mar 6, 2017",7:30 PM,Chicago Bulls,95,Detroit Pistons,109,
939,"Mon, Mar 6, 2017",10:30 PM,Boston Celtics,102,Los Angeles Clippers,116,
940,"Mon, Mar 6, 2017",8:00 PM,Brooklyn Nets,122,Memphis Grizzlies,109,
941,"Mon, Mar 6, 2017",7:00 PM,New York Knicks,113,Orlando Magic,105,
942,"Mon, Mar 6, 2017",7:00 PM,Milwaukee Bucks,112,Philadelphia 76ers,98,
943,"Mon, Mar 6, 2017",8:30 PM,Houston Rockets,110,San Antonio Spurs,112,
944,"Mon, Mar 6, 2017",9:00 PM,New Orleans Pelicans,83,Utah Jazz,88,
945,"Tue, Mar 7, 2017",8:30 PM,Los Angeles Lakers,111,Dallas Mavericks,122,
946,"Tue, Mar 7, 2017",8:00 PM,Portland Trail Blazers,126,Oklahoma City Thunder,121,
947,"Tue, Mar 7, 2017",9:00 PM,Washington Wizards,131,Phoenix Suns,127,
948,"Wed, Mar 8, 2017",7:30 PM,Brooklyn Nets,105,Atlanta Hawks,110,
949,"Wed, Mar 8, 2017",9:00 PM,Washington Wizards,123,Denver Nuggets,113,
950,"Wed, Mar 8, 2017",10:30 PM,Boston Celtics,99,Golden State Warriors,86,
951,"Wed, Mar 8, 2017",8:00 PM,Utah Jazz,115,Houston Rockets,108,
952,"Wed, Mar 8, 2017",8:00 PM,Detroit Pistons,98,Indiana Pacers,115,
953,"Wed, Mar 8, 2017",7:30 PM,Charlotte Hornets,101,Miami Heat,108,
954,"Wed, Mar 8, 2017",8:00 PM,New York Knicks,93,Milwaukee Bucks,104,
955,"Wed, Mar 8, 2017",8:00 PM,Los Angeles Clippers,91,Minnesota Timberwolves,107,
956,"Wed, Mar 8, 2017",8:00 PM,Toronto Raptors,94,New Orleans Pelicans,87,
957,"Wed, Mar 8, 2017",7:00 PM,Chicago Bulls,91,Orlando Magic,98,
958,"Wed, Mar 8, 2017",8:30 PM,Sacramento Kings,104,San Antonio Spurs,114,
959,"Thu, Mar 9, 2017",7:30 PM,Cleveland Cavaliers,101,Detroit Pistons,106,
960,"Thu, Mar 9, 2017",8:00 PM,Los Angeles Clippers,114,Memphis Grizzlies,98,
961,"Thu, Mar 9, 2017",8:00 PM,San Antonio Spurs,92,Oklahoma City Thunder,102,
962,"Thu, Mar 9, 2017",10:30 PM,Los Angeles Lakers,122,Phoenix Suns,110,
963,"Thu, Mar 9, 2017",10:00 PM,Philadelphia 76ers,108,Portland Trail Blazers,114,OT
964,"Fri, Mar 10, 2017",8:00 PM,Toronto Raptors,99,Atlanta Hawks,105,
965,"Fri, Mar 10, 2017",8:00 PM,Houston Rockets,115,Chicago Bulls,94,
966,"Fri, Mar 10, 2017",7:00 PM,Orlando Magic,81,Charlotte Hornets,121,
967,"Fri, Mar 10, 2017",9:00 PM,Brooklyn Nets,96,Dallas Mavericks,105,
968,"Fri, Mar 10, 2017",9:00 PM,Boston Celtics,99,Denver Nuggets,119,
969,"Fri, Mar 10, 2017",8:00 PM,Indiana Pacers,85,Milwaukee Bucks,99,
970,"Fri, Mar 10, 2017",8:00 PM,Golden State Warriors,102,Minnesota Timberwolves,103,
971,"Fri, Mar 10, 2017",10:30 PM,Washington Wizards,130,Sacramento Kings,122,OT
972,"Sat, Mar 11, 2017",7:00 PM,New Orleans Pelicans,125,Charlotte Hornets,122,OT
973,"Sat, Mar 11, 2017",9:00 PM,Phoenix Suns,100,Dallas Mavericks,98,
974,"Sat, Mar 11, 2017",5:00 PM,New York Knicks,92,Detroit Pistons,112,
975,"Sat, Mar 11, 2017",3:30 PM,Philadelphia 76ers,100,Los Angeles Clippers,112,
976,"Sat, Mar 11, 2017",9:00 PM,Atlanta Hawks,107,Memphis Grizzlies,90,
977,"Sat, Mar 11, 2017",8:00 PM,Toronto Raptors,89,Miami Heat,104,
978,"Sat, Mar 11, 2017",8:00 PM,Minnesota Timberwolves,95,Milwaukee Bucks,102,
979,"Sat, Mar 11, 2017",3:00 PM,Utah Jazz,104,Oklahoma City Thunder,112,
980,"Sat, Mar 11, 2017",7:00 PM,Cleveland Cavaliers,116,Orlando Magic,104,
981,"Sat, Mar 11, 2017",10:00 PM,Washington Wizards,125,Portland Trail Blazers,124,OT
982,"Sat, Mar 11, 2017",10:30 PM,Denver Nuggets,105,Sacramento Kings,92,
983,"Sat, Mar 11, 2017",8:30 PM,Golden State Warriors,85,San Antonio Spurs,107,
984,"Sun, Mar 12, 2017",3:30 PM,Chicago Bulls,80,Boston Celtics,100,
985,"Sun, Mar 12, 2017",6:00 PM,New York Knicks,112,Brooklyn Nets,120,
986,"Sun, Mar 12, 2017",9:00 PM,Cleveland Cavaliers,112,Houston Rockets,117,
987,"Sun, Mar 12, 2017",6:00 PM,Miami Heat,98,Indiana Pacers,102,
988,"Sun, Mar 12, 2017",9:30 PM,Philadelphia 76ers,118,Los Angeles Lakers,116,
989,"Sun, Mar 12, 2017",9:00 PM,Portland Trail Blazers,110,Phoenix Suns,101,
990,"Mon, Mar 13, 2017",7:00 PM,Chicago Bulls,115,Charlotte Hornets,109,
991,"Mon, Mar 13, 2017",10:30 PM,Los Angeles Lakers,101,Denver Nuggets,129,
992,"Mon, Mar 13, 2017",8:00 PM,Milwaukee Bucks,93,Memphis Grizzlies,113,
993,"Mon, Mar 13, 2017",8:00 PM,Washington Wizards,104,Minnesota Timberwolves,119,
994,"Mon, Mar 13, 2017",10:30 PM,Orlando Magic,115,Sacramento Kings,120,
995,"Mon, Mar 13, 2017",8:00 PM,Atlanta Hawks,99,San Antonio Spurs,107,
996,"Mon, Mar 13, 2017",7:30 PM,Dallas Mavericks,78,Toronto Raptors,100,
997,"Mon, Mar 13, 2017",9:00 PM,Los Angeles Clippers,108,Utah Jazz,114,
998,"Tue, Mar 14, 2017",7:30 PM,Oklahoma City Thunder,122,Brooklyn Nets,104,
999,"Tue, Mar 14, 2017",7:00 PM,Detroit Pistons,96,Cleveland Cavaliers,128,
1000,"Tue, Mar 14, 2017",10:30 PM,Philadelphia 76ers,104,Golden State Warriors,106,
1001,"Tue, Mar 14, 2017",8:00 PM,Portland Trail Blazers,77,New Orleans Pelicans,100,
1002,"Tue, Mar 14, 2017",7:30 PM,Indiana Pacers,81,New York Knicks,87,
1003,"Wed, Mar 15, 2017",7:30 PM,Minnesota Timberwolves,104,Boston Celtics,117,
1004,"Wed, Mar 15, 2017",8:00 PM,Memphis Grizzlies,98,Chicago Bulls,91,
1005,"Wed, Mar 15, 2017",7:30 PM,Utah Jazz,97,Detroit Pistons,83,
1006,"Wed, Mar 15, 2017",8:00 PM,Los Angeles Lakers,100,Houston Rockets,139,
1007,"Wed, Mar 15, 2017",7:00 PM,Charlotte Hornets,77,Indiana Pacers,98,
1008,"Wed, Mar 15, 2017",10:30 PM,Milwaukee Bucks,97,Los Angeles Clippers,96,
1009,"Wed, Mar 15, 2017",7:30 PM,New Orleans Pelicans,112,Miami Heat,120,
1010,"Wed, Mar 15, 2017",10:00 PM,Sacramento Kings,107,Phoenix Suns,101,
1011,"Wed, Mar 15, 2017",8:00 PM,Portland Trail Blazers,110,San Antonio Spurs,106,
1012,"Wed, Mar 15, 2017",7:00 PM,Dallas Mavericks,112,Washington Wizards,107,
1013,"Thu, Mar 16, 2017",7:30 PM,Memphis Grizzlies,103,Atlanta Hawks,91,
1014,"Thu, Mar 16, 2017",7:00 PM,Utah Jazz,83,Cleveland Cavaliers,91,
1015,"Thu, Mar 16, 2017",9:00 PM,Los Angeles Clippers,114,Denver Nuggets,129,
1016,"Thu, Mar 16, 2017",10:30 PM,Orlando Magic,92,Golden State Warriors,122,
1017,"Thu, Mar 16, 2017",7:30 PM,Brooklyn Nets,121,New York Knicks,110,
1018,"Thu, Mar 16, 2017",7:00 PM,Oklahoma City Thunder,123,Toronto Raptors,102,
1019,"Fri, Mar 17, 2017",7:30 PM,Boston Celtics,98,Brooklyn Nets,95,
1020,"Fri, Mar 17, 2017",7:30 PM,Toronto Raptors,87,Detroit Pistons,75,
1021,"Fri, Mar 17, 2017",10:30 PM,Milwaukee Bucks,107,Los Angeles Lakers,103,
1022,"Fri, Mar 17, 2017",8:00 PM,Minnesota Timberwolves,105,Miami Heat,123,
1023,"Fri, Mar 17, 2017",8:00 PM,Houston Rockets,112,New Orleans Pelicans,128,
1024,"Fri, Mar 17, 2017",7:00 PM,Dallas Mavericks,74,Philadelphia 76ers,116,
1025,"Fri, Mar 17, 2017",10:00 PM,Orlando Magic,109,Phoenix Suns,103,
1026,"Fri, Mar 17, 2017",7:00 PM,Chicago Bulls,107,Washington Wizards,112,
1027,"Sat, Mar 18, 2017",6:00 PM,Portland Trail Blazers,113,Atlanta Hawks,97,
1028,"Sat, Mar 18, 2017",9:00 PM,Utah Jazz,86,Chicago Bulls,95,
1029,"Sat, Mar 18, 2017",7:00 PM,Washington Wizards,93,Charlotte Hornets,98,
1030,"Sat, Mar 18, 2017",9:30 PM,Houston Rockets,109,Denver Nuggets,105,
1031,"Sat, Mar 18, 2017",10:30 PM,Milwaukee Bucks,92,Golden State Warriors,117,
1032,"Sat, Mar 18, 2017",8:30 PM,Cleveland Cavaliers,78,Los Angeles Clippers,108,
1033,"Sat, Mar 18, 2017",9:00 PM,San Antonio Spurs,96,Memphis Grizzlies,104,
1034,"Sat, Mar 18, 2017",3:00 PM,Sacramento Kings,94,Oklahoma City Thunder,110,
1035,"Sun, Mar 19, 2017",12:00 PM,Dallas Mavericks,111,Brooklyn Nets,104,
1036,"Sun, Mar 19, 2017",4:30 PM,Phoenix Suns,95,Detroit Pistons,112,
1037,"Sun, Mar 19, 2017",9:30 PM,Cleveland Cavaliers,125,Los Angeles Lakers,120,
1038,"Sun, Mar 19, 2017",6:00 PM,Portland Trail Blazers,115,Miami Heat,104,
1039,"Sun, Mar 19, 2017",6:00 PM,Minnesota Timberwolves,109,New Orleans Pelicans,123,
1040,"Sun, Mar 19, 2017",1:00 PM,Boston Celtics,99,Philadelphia 76ers,105,
1041,"Sun, Mar 19, 2017",7:00 PM,Sacramento Kings,102,San Antonio Spurs,118,
1042,"Sun, Mar 19, 2017",6:00 PM,Indiana Pacers,91,Toronto Raptors,116,
1043,"Mon, Mar 20, 2017",7:30 PM,Washington Wizards,102,Boston Celtics,110,
1044,"Mon, Mar 20, 2017",7:00 PM,Atlanta Hawks,90,Charlotte Hornets,105,
1045,"Mon, Mar 20, 2017",8:00 PM,Denver Nuggets,124,Houston Rockets,125,
1046,"Mon, Mar 20, 2017",7:00 PM,Utah Jazz,100,Indiana Pacers,107,
1047,"Mon, Mar 20, 2017",10:30 PM,New York Knicks,105,Los Angeles Clippers,114,
1048,"Mon, Mar 20, 2017",8:00 PM,Golden State Warriors,111,Oklahoma City Thunder,95,
1049,"Mon, Mar 20, 2017",7:00 PM,Philadelphia 76ers,109,Orlando Magic,112,OT
1050,"Tue, Mar 21, 2017",7:30 PM,Detroit Pistons,96,Brooklyn Nets,98,
1051,"Tue, Mar 21, 2017",8:30 PM,Golden State Warriors,112,Dallas Mavericks,87,
1052,"Tue, Mar 21, 2017",10:30 PM,Los Angeles Clippers,133,Los Angeles Lakers,109,
1053,"Tue, Mar 21, 2017",7:30 PM,Phoenix Suns,97,Miami Heat,112,
1054,"Tue, Mar 21, 2017",9:30 PM,San Antonio Spurs,100,Minnesota Timberwolves,93,
1055,"Tue, Mar 21, 2017",8:00 PM,Memphis Grizzlies,82,New Orleans Pelicans,95,
1056,"Tue, Mar 21, 2017",10:00 PM,Milwaukee Bucks,93,Portland Trail Blazers,90,
1057,"Tue, Mar 21, 2017",7:00 PM,Chicago Bulls,120,Toronto Raptors,122,OT
1058,"Wed, Mar 22, 2017",7:30 PM,Indiana Pacers,100,Boston Celtics,109,
1059,"Wed, Mar 22, 2017",8:00 PM,Detroit Pistons,95,Chicago Bulls,117,
1060,"Wed, Mar 22, 2017",9:00 PM,Cleveland Cavaliers,113,Denver Nuggets,126,
1061,"Wed, Mar 22, 2017",8:00 PM,Philadelphia 76ers,97,Oklahoma City Thunder,122,
1062,"Wed, Mar 22, 2017",7:00 PM,Charlotte Hornets,109,Orlando Magic,102,
1063,"Wed, Mar 22, 2017",10:30 PM,Milwaukee Bucks,116,Sacramento Kings,98,
1064,"Wed, Mar 22, 2017",10:30 PM,New York Knicks,101,Utah Jazz,108,
1065,"Wed, Mar 22, 2017",8:00 PM,Atlanta Hawks,100,Washington Wizards,104,
1066,"Thu, Mar 23, 2017",7:30 PM,Phoenix Suns,98,Brooklyn Nets,126,
1067,"Thu, Mar 23, 2017",8:30 PM,Los Angeles Clippers,95,Dallas Mavericks,97,
1068,"Thu, Mar 23, 2017",7:30 PM,Toronto Raptors,101,Miami Heat,84,
1069,"Thu, Mar 23, 2017",10:00 PM,New York Knicks,95,Portland Trail Blazers,110,
1070,"Thu, Mar 23, 2017",8:30 PM,Memphis Grizzlies,90,San Antonio Spurs,97,
1071,"Fri, Mar 24, 2017",7:30 PM,Phoenix Suns,120,Boston Celtics,130,
1072,"Fri, Mar 24, 2017",8:00 PM,Philadelphia 76ers,117,Chicago Bulls,107,
1073,"Fri, Mar 24, 2017",7:00 PM,Cleveland Cavaliers,112,Charlotte Hornets,105,
1074,"Fri, Mar 24, 2017",10:30 PM,Sacramento Kings,100,Golden State Warriors,114,
1075,"Fri, Mar 24, 2017",8:00 PM,New Orleans Pelicans,107,Houston Rockets,117,
1076,"Fri, Mar 24, 2017",7:00 PM,Denver Nuggets,125,Indiana Pacers,117,
1077,"Fri, Mar 24, 2017",10:30 PM,Minnesota Timberwolves,119,Los Angeles Lakers,130,OT
1078,"Fri, Mar 24, 2017",8:00 PM,Atlanta Hawks,97,Milwaukee Bucks,100,
1079,"Fri, Mar 24, 2017",7:00 PM,Detroit Pistons,87,Orlando Magic,115,
1080,"Fri, Mar 24, 2017",7:00 PM,Brooklyn Nets,108,Washington Wizards,129,
1081,"Sat, Mar 25, 2017",7:30 PM,Washington Wizards,127,Cleveland Cavaliers,115,
1082,"Sat, Mar 25, 2017",8:30 PM,Toronto Raptors,94,Dallas Mavericks,86,
1083,"Sat, Mar 25, 2017",3:30 PM,Utah Jazz,95,Los Angeles Clippers,108,
1084,"Sat, Mar 25, 2017",10:00 PM,Minnesota Timberwolves,100,Portland Trail Blazers,112,
1085,"Sat, Mar 25, 2017",8:30 PM,New York Knicks,98,San Antonio Spurs,106,
1086,"Sun, Mar 26, 2017",1:00 PM,Brooklyn Nets,107,Atlanta Hawks,92,
1087,"Sun, Mar 26, 2017",6:00 PM,Miami Heat,108,Boston Celtics,112,
1088,"Sun, Mar 26, 2017",1:00 PM,Phoenix Suns,106,Charlotte Hornets,120,
1089,"Sun, Mar 26, 2017",8:00 PM,New Orleans Pelicans,115,Denver Nuggets,90,
1090,"Sun, Mar 26, 2017",8:00 PM,Memphis Grizzlies,94,Golden State Warriors,106,
1091,"Sun, Mar 26, 2017",3:30 PM,Oklahoma City Thunder,125,Houston Rockets,137,
1092,"Sun, Mar 26, 2017",6:00 PM,Philadelphia 76ers,94,Indiana Pacers,107,
1093,"Sun, Mar 26, 2017",3:30 PM,Sacramento Kings,98,Los Angeles Clippers,97,
1094,"Sun, Mar 26, 2017",9:30 PM,Portland Trail Blazers,97,Los Angeles Lakers,81,
1095,"Sun, Mar 26, 2017",3:30 PM,Chicago Bulls,109,Milwaukee Bucks,94,
1096,"Mon, Mar 27, 2017",8:30 PM,Oklahoma City Thunder,92,Dallas Mavericks,91,
1097,"Mon, Mar 27, 2017",7:30 PM,Detroit Pistons,95,New York Knicks,109,
1098,"Mon, Mar 27, 2017",10:30 PM,Memphis Grizzlies,90,Sacramento Kings,91,
1099,"Mon, Mar 27, 2017",8:00 PM,Cleveland Cavaliers,74,San Antonio Spurs,103,
1100,"Mon, Mar 27, 2017",7:30 PM,Orlando Magic,112,Toronto Raptors,131,
1101,"Mon, Mar 27, 2017",10:30 PM,New Orleans Pelicans,100,Utah Jazz,108,
1102,"Tue, Mar 28, 2017",7:30 PM,Phoenix Suns,91,Atlanta Hawks,95,
1103,"Tue, Mar 28, 2017",7:30 PM,Philadelphia 76ers,106,Brooklyn Nets,101,
1104,"Tue, Mar 28, 2017",7:00 PM,Milwaukee Bucks,118,Charlotte Hornets,108,
1105,"Tue, Mar 28, 2017",7:30 PM,Miami Heat,97,Detroit Pistons,96,
1106,"Tue, Mar 28, 2017",8:00 PM,Golden State Warriors,113,Houston Rockets,106,
1107,"Tue, Mar 28, 2017",7:00 PM,Minnesota Timberwolves,115,Indiana Pacers,114,
1108,"Tue, Mar 28, 2017",10:30 PM,Washington Wizards,119,Los Angeles Lakers,108,
1109,"Tue, Mar 28, 2017",10:00 PM,Denver Nuggets,113,Portland Trail Blazers,122,
1110,"Wed, Mar 29, 2017",7:30 PM,Milwaukee Bucks,103,Boston Celtics,100,
1111,"Wed, Mar 29, 2017",10:30 PM,Washington Wizards,124,Los Angeles Clippers,133,
1112,"Wed, Mar 29, 2017",8:00 PM,Indiana Pacers,97,Memphis Grizzlies,110,
1113,"Wed, Mar 29, 2017",8:00 PM,Dallas Mavericks,118,New Orleans Pelicans,121,
1114,"Wed, Mar 29, 2017",7:30 PM,Miami Heat,105,New York Knicks,88,
1115,"Wed, Mar 29, 2017",7:00 PM,Oklahoma City Thunder,114,Orlando Magic,106,OT
1116,"Wed, Mar 29, 2017",7:00 PM,Atlanta Hawks,99,Philadelphia 76ers,92,
1117,"Wed, Mar 29, 2017",10:30 PM,Utah Jazz,112,Sacramento Kings,82,
1118,"Wed, Mar 29, 2017",9:30 PM,Golden State Warriors,110,San Antonio Spurs,98,
1119,"Wed, Mar 29, 2017",7:30 PM,Charlotte Hornets,110,Toronto Raptors,106,
1120,"Thu, Mar 30, 2017",8:00 PM,Cleveland Cavaliers,93,Chicago Bulls,99,
1121,"Thu, Mar 30, 2017",7:30 PM,Brooklyn Nets,89,Detroit Pistons,90,
1122,"Thu, Mar 30, 2017",8:00 PM,Los Angeles Lakers,104,Minnesota Timberwolves,119,
1123,"Thu, Mar 30, 2017",10:00 PM,Los Angeles Clippers,124,Phoenix Suns,118,
1124,"Thu, Mar 30, 2017",10:30 PM,Houston Rockets,107,Portland Trail Blazers,117,
1125,"Fri, Mar 31, 2017",7:30 PM,Orlando Magic,116,Boston Celtics,117,
1126,"Fri, Mar 31, 2017",7:00 PM,Denver Nuggets,114,Charlotte Hornets,122,
1127,"Fri, Mar 31, 2017",7:30 PM,Philadelphia 76ers,105,Cleveland Cavaliers,122,
1128,"Fri, Mar 31, 2017",10:30 PM,Houston Rockets,98,Golden State Warriors,107,
1129,"Fri, Mar 31, 2017",8:00 PM,Dallas Mavericks,90,Memphis Grizzlies,99,
1130,"Fri, Mar 31, 2017",8:00 PM,New York Knicks,98,Miami Heat,94,
1131,"Fri, Mar 31, 2017",8:00 PM,Detroit Pistons,105,Milwaukee Bucks,108,OT
1132,"Fri, Mar 31, 2017",8:00 PM,Sacramento Kings,89,New Orleans Pelicans,117,
1133,"Fri, Mar 31, 2017",8:00 PM,San Antonio Spurs,100,Oklahoma City Thunder,95,
1134,"Fri, Mar 31, 2017",7:00 PM,Indiana Pacers,100,Toronto Raptors,111,
1135,"Fri, Mar 31, 2017",9:00 PM,Washington Wizards,88,Utah Jazz,95,
1136,"Sat, Apr 1, 2017",6:00 PM,Orlando Magic,111,Brooklyn Nets,121,
1137,"Sat, Apr 1, 2017",5:00 PM,Atlanta Hawks,104,Chicago Bulls,106,
1138,"Sat, Apr 1, 2017",3:30 PM,Los Angeles Lakers,104,Los Angeles Clippers,115,
1139,"Sat, Apr 1, 2017",8:00 PM,Sacramento Kings,123,Minnesota Timberwolves,117,
1140,"Sat, Apr 1, 2017",10:00 PM,Phoenix Suns,117,Portland Trail Blazers,130,
1141,"Sun, Apr 2, 2017",6:00 PM,Atlanta Hawks,82,Brooklyn Nets,91,
1142,"Sun, Apr 2, 2017",6:00 PM,Indiana Pacers,130,Cleveland Cavaliers,135,2OT
1143,"Sun, Apr 2, 2017",8:00 PM,Washington Wizards,115,Golden State Warriors,139,
1144,"Sun, Apr 2, 2017",3:30 PM,Memphis Grizzlies,103,Los Angeles Lakers,108,
1145,"Sun, Apr 2, 2017",6:00 PM,Denver Nuggets,116,Miami Heat,113,
1146,"Sun, Apr 2, 2017",3:30 PM,Dallas Mavericks,109,Milwaukee Bucks,105,
1147,"Sun, Apr 2, 2017",6:00 PM,Chicago Bulls,117,New Orleans Pelicans,110,
1148,"Sun, Apr 2, 2017",1:00 PM,Boston Celtics,110,New York Knicks,94,
1149,"Sun, Apr 2, 2017",3:00 PM,Charlotte Hornets,113,Oklahoma City Thunder,101,
1150,"Sun, Apr 2, 2017",9:00 PM,Houston Rockets,123,Phoenix Suns,116,
1151,"Sun, Apr 2, 2017",3:30 PM,Utah Jazz,103,San Antonio Spurs,109,
1152,"Sun, Apr 2, 2017",6:00 PM,Philadelphia 76ers,105,Toronto Raptors,113,
1153,"Mon, Apr 3, 2017",7:00 PM,Portland Trail Blazers,109,Minnesota Timberwolves,110,
1154,"Tue, Apr 4, 2017",7:00 PM,Orlando Magic,102,Cleveland Cavaliers,122,
1155,"Tue, Apr 4, 2017",10:30 PM,Minnesota Timberwolves,107,Golden State Warriors,121,
1156,"Tue, Apr 4, 2017",7:00 PM,Toronto Raptors,90,Indiana Pacers,108,
1157,"Tue, Apr 4, 2017",8:00 PM,Denver Nuggets,134,New Orleans Pelicans,131,
1158,"Tue, Apr 4, 2017",8:00 PM,Chicago Bulls,91,New York Knicks,100,
1159,"Tue, Apr 4, 2017",8:00 PM,Milwaukee Bucks,79,Oklahoma City Thunder,110,
1160,"Tue, Apr 4, 2017",7:00 PM,Brooklyn Nets,141,Philadelphia 76ers,118,
1161,"Tue, Apr 4, 2017",10:30 PM,Dallas Mavericks,87,Sacramento Kings,98,
1162,"Tue, Apr 4, 2017",8:30 PM,Memphis Grizzlies,89,San Antonio Spurs,95,OT
1163,"Tue, Apr 4, 2017",9:00 PM,Portland Trail Blazers,87,Utah Jazz,106,
1164,"Tue, Apr 4, 2017",7:00 PM,Charlotte Hornets,111,Washington Wizards,118,
1165,"Wed, Apr 5, 2017",8:00 PM,Cleveland Cavaliers,114,Boston Celtics,91,
1166,"Wed, Apr 5, 2017",7:00 PM,Miami Heat,112,Charlotte Hornets,99,
1167,"Wed, Apr 5, 2017",7:30 PM,Toronto Raptors,105,Detroit Pistons,102,
1168,"Wed, Apr 5, 2017",8:00 PM,Denver Nuggets,104,Houston Rockets,110,
1169,"Wed, Apr 5, 2017",10:30 PM,Dallas Mavericks,101,Los Angeles Clippers,112,
1170,"Wed, Apr 5, 2017",8:00 PM,Oklahoma City Thunder,103,Memphis Grizzlies,100,
1171,"Wed, Apr 5, 2017",10:00 PM,Golden State Warriors,120,Phoenix Suns,111,
1172,"Wed, Apr 5, 2017",8:30 PM,Los Angeles Lakers,102,San Antonio Spurs,95,
1173,"Thu, Apr 6, 2017",8:00 PM,Boston Celtics,116,Atlanta Hawks,123,
1174,"Thu, Apr 6, 2017",7:00 PM,Milwaukee Bucks,89,Indiana Pacers,104,
1175,"Thu, Apr 6, 2017",7:30 PM,Washington Wizards,106,New York Knicks,103,
1176,"Thu, Apr 6, 2017",7:00 PM,Brooklyn Nets,107,Orlando Magic,115,
1177,"Thu, Apr 6, 2017",7:00 PM,Chicago Bulls,102,Philadelphia 76ers,90,
1178,"Thu, Apr 6, 2017",10:30 PM,Minnesota Timberwolves,98,Portland Trail Blazers,105,
1179,"Fri, Apr 7, 2017",7:30 PM,Atlanta Hawks,114,Cleveland Cavaliers,100,
1180,"Fri, Apr 7, 2017",8:30 PM,San Antonio Spurs,102,Dallas Mavericks,89,
1181,"Fri, Apr 7, 2017",9:00 PM,New Orleans Pelicans,106,Denver Nuggets,122,
1182,"Fri, Apr 7, 2017",8:00 PM,Detroit Pistons,114,Houston Rockets,109,
1183,"Fri, Apr 7, 2017",10:30 PM,Sacramento Kings,94,Los Angeles Lakers,98,
1184,"Fri, Apr 7, 2017",8:00 PM,New York Knicks,88,Memphis Grizzlies,101,
1185,"Fri, Apr 7, 2017",10:00 PM,Oklahoma City Thunder,99,Phoenix Suns,120,
1186,"Fri, Apr 7, 2017",7:30 PM,Miami Heat,94,Toronto Raptors,96,
1187,"Fri, Apr 7, 2017",9:00 PM,Minnesota Timberwolves,113,Utah Jazz,120,
1188,"Sat, Apr 8, 2017",5:00 PM,Chicago Bulls,106,Brooklyn Nets,107,
1189,"Sat, Apr 8, 2017",6:00 PM,Boston Celtics,121,Charlotte Hornets,114,
1190,"Sat, Apr 8, 2017",10:30 PM,New Orleans Pelicans,101,Golden State Warriors,123,
1191,"Sat, Apr 8, 2017",6:00 PM,Indiana Pacers,127,Orlando Magic,112,
1192,"Sat, Apr 8, 2017",7:00 PM,Milwaukee Bucks,90,Philadelphia 76ers,82,
1193,"Sat, Apr 8, 2017",10:00 PM,Utah Jazz,86,Portland Trail Blazers,101,
1194,"Sat, Apr 8, 2017",8:30 PM,Los Angeles Clippers,98,San Antonio Spurs,87,
1195,"Sat, Apr 8, 2017",7:00 PM,Miami Heat,106,Washington Wizards,103,
1196,"Sun, Apr 9, 2017",3:30 PM,Cleveland Cavaliers,125,Atlanta Hawks,126,OT
1197,"Sun, Apr 9, 2017",5:00 PM,Oklahoma City Thunder,106,Denver Nuggets,105,
1198,"Sun, Apr 9, 2017",9:30 PM,Minnesota Timberwolves,109,Los Angeles Lakers,110,
1199,"Sun, Apr 9, 2017",6:00 PM,Detroit Pistons,103,Memphis Grizzlies,90,
1200,"Sun, Apr 9, 2017",12:00 PM,Toronto Raptors,110,New York Knicks,97,
1201,"Sun, Apr 9, 2017",6:00 PM,Dallas Mavericks,111,Phoenix Suns,124,
1202,"Sun, Apr 9, 2017",6:00 PM,Houston Rockets,135,Sacramento Kings,128,
1203,"Mon, Apr 10, 2017",7:30 PM,Brooklyn Nets,105,Boston Celtics,114,
1204,"Mon, Apr 10, 2017",8:00 PM,Orlando Magic,75,Chicago Bulls,122,
1205,"Mon, Apr 10, 2017",8:00 PM,Washington Wizards,105,Detroit Pistons,101,
1206,"Mon, Apr 10, 2017",10:30 PM,Utah Jazz,105,Golden State Warriors,99,
1207,"Mon, Apr 10, 2017",10:30 PM,Houston Rockets,96,Los Angeles Clippers,125,
1208,"Mon, Apr 10, 2017",7:30 PM,Cleveland Cavaliers,121,Miami Heat,124,OT
1209,"Mon, Apr 10, 2017",8:00 PM,Charlotte Hornets,79,Milwaukee Bucks,89,
1210,"Mon, Apr 10, 2017",7:00 PM,Indiana Pacers,120,Philadelphia 76ers,111,
1211,"Mon, Apr 10, 2017",10:00 PM,San Antonio Spurs,98,Portland Trail Blazers,99,
1212,"Tue, Apr 11, 2017",7:30 PM,Charlotte Hornets,76,Atlanta Hawks,103,
1213,"Tue, Apr 11, 2017",8:30 PM,Denver Nuggets,109,Dallas Mavericks,91,
1214,"Tue, Apr 11, 2017",10:30 PM,New Orleans Pelicans,96,Los Angeles Lakers,108,
1215,"Tue, Apr 11, 2017",8:00 PM,Oklahoma City Thunder,100,Minnesota Timberwolves,98,
1216,"Tue, Apr 11, 2017",10:30 PM,Phoenix Suns,104,Sacramento Kings,129,
1217,"Wed, Apr 12, 2017",8:00 PM,Milwaukee Bucks,94,Boston Celtics,112,
1218,"Wed, Apr 12, 2017",8:00 PM,Brooklyn Nets,73,Chicago Bulls,112,
1219,"Wed, Apr 12, 2017",8:00 PM,Toronto Raptors,98,Cleveland Cavaliers,83,
1220,"Wed, Apr 12, 2017",10:30 PM,Los Angeles Lakers,94,Golden State Warriors,109,
1221,"Wed, Apr 12, 2017",8:00 PM,Minnesota Timberwolves,118,Houston Rockets,123,
1222,"Wed, Apr 12, 2017",8:00 PM,Atlanta Hawks,86,Indiana Pacers,104,
1223,"Wed, Apr 12, 2017",10:30 PM,Sacramento Kings,95,Los Angeles Clippers,115,
1224,"Wed, Apr 12, 2017",8:00 PM,Dallas Mavericks,100,Memphis Grizzlies,93,
1225,"Wed, Apr 12, 2017",8:00 PM,Washington Wizards,102,Miami Heat,110,
1226,"Wed, Apr 12, 2017",8:00 PM,Philadelphia 76ers,113,New York Knicks,114,
1227,"Wed, Apr 12, 2017",8:00 PM,Denver Nuggets,111,Oklahoma City Thunder,105,
1228,"Wed, Apr 12, 2017",8:00 PM,Detroit Pistons,109,Orlando Magic,113,
1229,"Wed, Apr 12, 2017",10:30 PM,New Orleans Pelicans,103,Portland Trail Blazers,100,
1230,"Wed, Apr 12, 2017",9:00 PM,San Antonio Spurs,97,Utah Jazz,101,