personId,TEAM_ID,firstName,lastName,weightPounds,heightFeet,heightInches,pos,jersey,playerUrl
203518,1610612760,Alex,Abrines,190,6,6,G,8,/players/alex/abrines/203518
203112,1610612751,Quincy,Acy,240,6,7,F,13,/players/quincy/acy/203112
203500,1610612760,Steven,Adams,255,7,0,C,12,/players/steven/adams/203500
1628389,1610612748,Bam,Adebayo,255,6,10,C-F,13,/players/bam/adebayo/1628389
201167,1610612753,Arron,Afflalo,210,6,5,G,4,/players/arron/afflalo/201167
201582,1610612740,Alexis,Ajinca,248,7,2,C,42,/players/alexis/ajinca/201582
202332,1610612750,Cole,Aldrich,253,6,11,C,45,/players/cole/aldrich/202332
200746,1610612759,LaMarcus,Aldridge,260,6,11,F,12,/players/lamarcus/aldridge/200746
1628386,1610612751,Jarrett,Allen,234,6,11,C,31,/players/jarrett/allen/1628386
1628443,1610612738,Kadeem,Allen,200,6,3,G,45,/players/kadeem/allen/1628443
2754,1610612740,Tony,Allen,213,6,4,G-F,24,/players/tony/allen/2754
202329,1610612757,Al-Farouq,Aminu,220,6,9,F,8,/players/al-farouq/aminu/202329
1626147,1610612755,Justin,Anderson,230,6,6,G-F,1,/players/justin/anderson/1626147
203937,1610612759,Kyle,Anderson,230,6,9,F,1,/players/kyle/anderson/203937
201583,1610612745,Ryan,Anderson,240,6,10,F,33,/players/ryan/anderson/201583
1628387,1610612754,Ike,Anigbogu,262,6,10,C,13,/players/ike/anigbogu/1628387
203507,1610612749,Giannis,Antetokounmpo,222,6,11,F,34,/players/giannis/antetokounmpo/203507
2546,1610612760,Carmelo,Anthony,240,6,8,F,7,/players/carmelo/anthony/2546
1628384,1610612761,OG,Anunoby,235,6,8,F,3,/players/og/anunoby/1628384
1627853,1610612741,Ryan,Arcidiacono,195,6,3,G,15,/players/ryan/arcidiacono/1627853
2772,1610612745,Trevor,Ariza,215,6,8,F-G,1,/players/trevor/ariza/2772
201589,1610612743,Darrell,Arthur,235,6,9,F,0,/players/darrell/arthur/201589
1628503,1610612753,Jamel,Artis,213,6,7,G,0,/players/jamel/artis/1628503
201600,1610612740,Omer,Asik,255,7,0,C,3,/players/omer/asik/201600
201571,1610612753,D.J.,Augustin,183,6,0,G,14,/players/d.j./augustin/201571
202337,1610612737,Luke,Babbitt,225,6,9,F,8,/players/luke/babbitt/202337
1628407,1610612766,Dwayne,Bacon,221,6,7,F,7,/players/dwayne/bacon/1628407
1627758,1610612752,Ron,Baker,220,6,4,G,31,/players/ron/baker/1627758
1627735,1610612757,Wade,Baldwin IV,202,6,4,G,2,/players/wade/baldwin_iv/1627735
1628366,1610612747,Lonzo,Ball,190,6,6,G,2,/players/lonzo/ball/1628366
200826,1610612742,J.J.,Barea,185,6,0,G,5,/players/j.j./barea/200826
203084,1610612742,Harrison,Barnes,225,6,8,F,40,/players/harrison/barnes/203084
203115,1610612743,Will,Barton,190,6,6,G-F,5,/players/will/barton/203115
201587,1610612766,Nicolas,Batum,200,6,8,G-F,5,/players/nicolas/batum/201587
201573,1610612755,Jerryd,Bayless,200,6,3,G,0,/players/jerryd/bayless/201573
203382,1610612738,Aron,Baynes,260,6,10,C,46,/players/aron/baynes/203382
203145,1610612737,Kent,Bazemore,201,6,5,G,24,/players/kent/bazemore/203145
203078,1610612764,Bradley,Beal,207,6,5,G,3,/players/bradley/beal/203078
1627736,1610612743,Malik,Beasley,196,6,5,G,25,/players/malik/beasley/1627736
201563,1610612752,Michael,Beasley,235,6,9,F,8,/players/michael/beasley/201563
201158,1610612737,Marco,Belinelli,210,6,5,G-F,3,/players/marco/belinelli/201158
1628395,1610612744,Jordan,Bell,224,6,9,F,2,/players/jordan/bell/1628395
1627761,1610612737,DeAndre',Bembry,210,6,6,F-G,95,/players/deandre'/bembry/1627761
1627733,1610612756,Dragan,Bender,225,7,1,F,35,/players/dragan/bender/1627733
202722,1610612759,Davis,Bertans,210,6,10,F,42,/players/davis/bertans/202722
201976,1610612746,Patrick,Beverley,185,6,1,G,21,/players/patrick/beverley/201976
203920,1610612753,Khem,Birch,220,6,9,C,24,/players/khem/birch/203920
1628444,1610612738,Jabari,Bird,198,6,6,G,26,/players/jabari/bird/1628444
202687,1610612753,Bismack,Biyombo,255,6,9,C,11,/players/bismack/biyombo/202687
202357,1610612750,Nemanja,Bjelica,230,6,10,F,8,/players/nemanja/bjelica/202357
204028,1610612745,Tarik,Black,250,6,9,F-C,28,/players/tarik/black/204028
1628469,1610612741,Antonio,Blakeney,197,6,4,G,9,/players/antonio/blakeney/1628469
202339,1610612749,Eric,Bledsoe,205,6,1,G,6,/players/eric/bledsoe/202339
203505,1610612747,Vander,Blue,200,6,5,G,17,/players/vander/blue/203505
203992,1610612758,Bogdan,Bogdanovic,205,6,6,G,8,/players/bogdan/bogdanovic/203992
202711,1610612754,Bojan,Bogdanovic,230,6,8,F,44,/players/bojan/bogdanovic/202711
101106,1610612747,Andrew,Bogut,260,7,0,C,66,/players/andrew/bogut/101106
1627762,1610612749,Joel,Bolomboy,235,6,9,F-C,24,/players/joel/bolomboy/1627762
1626164,1610612756,Devin,Booker,210,6,6,G,1,/players/devin/booker/1626164
202344,1610612751,Trevor,Booker,228,6,8,F,35,/players/trevor/booker/202344
1628449,1610612744,Chris,Boucher,200,6,10,F,25,/players/chris/boucher/1628449
202340,1610612765,Avery,Bradley,180,6,2,G,22,/players/avery/bradley/202340
1628396,1610612762,Tony,Bradley,248,6,10,C,13,/players/tony/bradley/1628396
201147,1610612747,Corey,Brewer,186,6,9,F,3,/players/corey/brewer/201147
1627763,1610612749,Malcolm,Brogdon,215,6,5,G,13,/players/malcolm/brogdon/1627763
201166,1610612750,Aaron,Brooks,161,6,0,G,30,/players/aaron/brooks/201166
1628415,1610612763,Dillon,Brooks,220,6,6,F-G,24,/players/dillon/brooks/1628415
1626148,1610612750,Anthony,Brown,224,6,7,F,3,/players/anthony/brown/1626148
201628,1610612745,Bobby,Brown,175,6,2,G,6,/players/bobby/brown/201628
1627759,1610612738,Jaylen,Brown,225,6,7,G-F,7,/players/jaylen/brown/1627759
203485,1610612761,Lorenzo,Brown,189,6,5,G,4,/players/lorenzo/brown/203485
1628425,1610612749,Sterling,Brown,230,6,6,G,23,/players/sterling/brown/1628425
1627852,1610612737,Nicolas,Brussino,195,6,8,F,16,/players/nicolas/brussino/1627852
1628418,1610612747,Thomas,Bryant,248,6,10,C,31,/players/thomas/bryant/1628418
203493,1610612765,Reggie,Bullock,205,6,7,F,25,/players/reggie/bullock/203493
202692,1610612762,Alec,Burks,214,6,6,G,10,/players/alec/burks/202692
202710,1610612750,Jimmy,Butler,236,6,8,G,23,/players/jimmy/butler/202710
202779,1610612765,Dwight,Buycks,190,6,3,G,20,/players/dwight/buycks/202779
203998,1610612761,Bruno,Caboclo,205,6,9,F,5,/players/bruno/caboclo/203998
101181,1610612739,Jose,Calderon,200,6,3,G,81,/players/jose/calderon/101181
203484,1610612747,Kentavious,Caldwell-Pope,205,6,5,G,1,/players/kentavious/caldwell-pope/203484
203991,1610612745,Clint,Capela,240,6,10,C,15,/players/clint/capela/203991
201960,1610612751,DeMarre,Carroll,215,6,8,F,9,/players/demarre/carroll/201960
203487,1610612766,Michael,Carter-Williams,190,6,6,G,10,/players/michael/carter-williams/203487
1713,1610612758,Vince,Carter,220,6,6,G-F,15,/players/vince/carter/1713
1627936,1610612747,Alex,Caruso,186,6,5,G,4,/players/alex/caruso/1627936
201956,1610612744,Omri,Casspi,225,6,9,F,18,/players/omri/casspi/201956
1626161,1610612758,Willie,Cauley-Stein,240,7,0,C,0,/players/willie/cauley-stein/1626161
1628463,1610612737,Tyler,Cavanaugh,238,6,9,F,34,/players/tyler/cavanaugh/1628463
201596,1610612763,Mario,Chalmers,190,6,2,G,6,/players/mario/chalmers/201596
2199,1610612756,Tyson,Chandler,240,7,1,C,4,/players/tyson/chandler/2199
201163,1610612743,Wilson,Chandler,225,6,9,F,21,/players/wilson/chandler/201163
1627737,1610612756,Marquese,Chriss,240,6,10,F,0,/players/marquese/chriss/1627737
203546,1610612740,Ian,Clark,175,6,3,G,2,/players/ian/clark/203546
203903,1610612747,Jordan,Clarkson,194,6,5,G,6,/players/jordan/clarkson/203903
1628492,1610612742,Gian,Clavell,185,6,4,G,8,/players/gian/clavell/1628492
1628381,1610612737,John,Collins,235,6,10,F-C,20,/players/john/collins/1628381
1628380,1610612757,Zach,Collins,230,7,0,C-F,33,/players/zach/collins/1628380
201954,1610612754,Darren,Collison,185,6,2,G,2,/players/darren/collison/201954
2555,1610612760,Nick,Collison,255,6,10,F,4,/players/nick/collison/2555
201144,1610612763,Mike,Conley,175,6,1,G,11,/players/mike/conley/201144
1626192,1610612757,Pat,Connaughton,210,6,5,G-F,5,/players/pat/connaughton/1626192
1628429,1610612740,Charles,Cooke,196,6,5,G,4,/players/charles/cooke/1628429
1626188,1610612744,Quinn,Cook,179,6,2,G,4,/players/quinn/cook/1626188
204022,1610612758,Jack,Cooley,274,6,10,C,45,/players/jack/cooley/204022
1627856,1610612759,Matt,Costello,240,6,10,F-C,10,/players/matt/costello/1627856
202326,1610612740,DeMarcus,Cousins,270,6,11,C,0,/players/demarcus/cousins/202326
203496,1610612755,Robert,Covington,225,6,9,F,33,/players/robert/covington/203496
203459,1610612751,Allen,Crabbe,215,6,6,G-F,33,/players/allen/crabbe/203459
1628470,1610612743,Torrey,Craig,215,6,6,G-F,3,/players/torrey/craig/1628470
2037,1610612750,Jamal,Crawford,185,6,5,G,11,/players/jamal/crawford/2037
203109,1610612739,Jae,Crowder,235,6,6,F,99,/players/jae/crowder/203109
201967,1610612740,Dante,Cunningham,230,6,8,F,33,/players/dante/cunningham/201967
203552,1610612742,Seth,Curry,185,6,2,G,30,/players/seth/curry/203552
201939,1610612744,Stephen,Curry,190,6,3,G,30,/players/stephen/curry/201939
203584,1610612756,Troy,Daniels,205,6,4,G,30,/players/troy/daniels/203584
203076,1610612740,Anthony,Davis,253,6,10,F-C,23,/players/anthony/davis/203076
1627738,1610612763,Deyonta,Davis,237,6,11,C-F,21,/players/deyonta/davis/1627738
202334,1610612757,Ed,Davis,245,6,10,F-C,17,/players/ed/davis/202334
203473,1610612737,Dewayne,Dedmon,245,7,0,C,14,/players/dewayne/dedmon/203473
1626155,1610612746,Sam,Dekker,230,6,9,F,7,/players/sam/dekker/1626155
1627098,1610612737,Malcolm,Delaney,190,6,3,G,5,/players/malcolm/delaney/1627098
203521,1610612749,Matthew,Dellavedova,198,6,4,G,8,/players/matthew/dellavedova/203521
2736,1610612747,Luol,Deng,220,6,9,F,9,/players/luol/deng/2736
201942,1610612761,DeMar,DeRozan,220,6,7,G,10,/players/demar/derozan/201942
1627767,1610612740,Cheick,Diallo,220,6,9,F,13,/players/cheick/diallo/1627767
203476,1610612750,Gorgui,Dieng,251,6,11,C,5,/players/gorgui/dieng/203476
203915,1610612751,Spencer,Dinwiddie,200,6,6,G,8,/players/spencer/dinwiddie/203915
1628416,1610612737,Tyler,Dorsey,183,6,4,G,2,/players/tyler/dorsey/1628416
1628422,1610612752,Damyean,Dotson,210,6,5,G,21,/players/damyean/dotson/1628422
1628408,1610612760,PJ,Dozier,205,6,6,G,35,/players/pj/dozier/1628408
201609,1610612748,Goran,Dragic,190,6,3,G,7,/players/goran/dragic/201609
203083,1610612765,Andre,Drummond,279,6,11,C,0,/players/andre/drummond/203083
201162,1610612756,Jared,Dudley,240,6,7,F,3,/players/jared/dudley/201162
1627739,1610612741,Kris,Dunn,210,6,4,G,32,/players/kris/dunn/1627739
201142,1610612744,Kevin,Durant,240,6,9,F,35,/players/kevin/durant/201142
1627740,1610612765,Henry,Ellenson,245,6,11,F,8,/players/henry/ellenson/1627740
201961,1610612748,Wayne,Ellington,200,6,5,G,2,/players/wayne/ellington/201961
203954,1610612755,Joel,Embiid,250,7,0,C,21,/players/joel/embiid/203954
203516,1610612763,James,Ennis III,210,6,7,F,8,/players/james/ennis_iii/203516
203898,1610612747,Tyler,Ennis,194,6,3,G,10,/players/tyler/ennis/203898
1628393,1610612746,Jawun,Evans,190,6,0,G,1,/players/jawun/evans/1628393
201936,1610612763,Tyreke,Evans,220,6,6,G-F,12,/players/tyreke/evans/201936
203957,1610612762,Dante,Exum,190,6,6,G,11,/players/dante/exum/203957
202702,1610612743,Kenneth,Faried,228,6,8,F,35,/players/kenneth/faried/202702
202324,1610612762,Derrick,Favors,265,6,10,F-C,15,/players/derrick/favors/202324
1627770,1610612741,Kay,Felder,176,5,9,G,3,/players/kay/felder/1627770
1626245,1610612741,Cristiano,Felicio,280,6,9,C-F,6,/players/cristiano/felicio/1626245
101109,1610612760,Raymond,Felton,205,6,1,G,2,/players/raymond/felton/101109
1628390,1610612760,Terrance,Ferguson,184,6,7,G,23,/players/terrance/ferguson/1628390
1627812,1610612742,Yogi,Ferrell,180,6,0,G,11,/players/yogi/ferrell/1627812
1627827,1610612742,Dorian,Finney-Smith,220,6,8,F,10,/players/dorian/finney-smith/1627827
1627854,1610612759,Bryn,Forbes,190,6,3,G,11,/players/bryn/forbes/1627854
203095,1610612753,Evan,Fournier,205,6,7,F-G,10,/players/evan/fournier/203095
1628368,1610612758,De'Aaron,Fox,175,6,3,G,5,/players/de'aaron/fox/1628368
204025,1610612764,Tim,Frazier,170,6,1,G,8,/players/tim/frazier/204025
101112,1610612739,Channing,Frye,255,6,11,F,8,/players/channing/frye/101112
1628365,1610612755,Markelle,Fultz,200,6,4,G,20,/players/markelle/fultz/1628365
201568,1610612746,Danilo,Gallinari,225,6,10,F,8,/players/danilo/gallinari/201568
204038,1610612765,Langston,Galloway,200,6,2,G,9,/players/langston/galloway/204038
201188,1610612763,Marc,Gasol,255,7,1,C,33,/players/marc/gasol/201188
2200,1610612759,Pau,Gasol,250,7,0,C,16,/players/pau/gasol/2200
200752,1610612759,Rudy,Gay,230,6,8,F,22,/players/rudy/gay/200752
202331,1610612760,Paul,George,220,6,9,F,13,/players/paul/george/202331
1627875,1610612750,Marcus,Georges-Hunt,226,6,5,G,13,/players/marcus/georges-hunt/1627875
201959,1610612750,Taj,Gibson,235,6,9,F,67,/players/taj/gibson/201959
1628385,1610612758,Harry,Giles,240,6,10,F-C,20,/players/harry/giles/1628385
1938,1610612759,Manu,Ginobili,205,6,6,G,20,/players/manu/ginobili/1938
203497,1610612762,Rudy,Gobert,245,7,1,C,27,/players/rudy/gobert/203497
203932,1610612753,Aaron,Gordon,220,6,9,F,0,/players/aaron/gordon/203932
201569,1610612745,Eric,Gordon,215,6,4,G,10,/players/eric/gordon/201569
101162,1610612764,Marcin,Gortat,240,6,11,C,13,/players/marcin/gortat/101162
1626203,1610612766,Treveon,Graham,219,6,5,G-F,21,/players/treveon/graham/1626203
203924,1610612760,Jerami,Grant,220,6,9,F,9,/players/jerami/grant/203924
1626170,1610612741,Jerian,Grant,198,6,4,G,2,/players/jerian/grant/1626170
201980,1610612759,Danny,Green,215,6,6,G-F,14,/players/danny/green/201980
203110,1610612744,Draymond,Green,230,6,7,F,23,/players/draymond/green/203110
203210,1610612763,JaMychal,Green,227,6,9,F,0,/players/jamychal/green/203210
201145,1610612739,Jeff,Green,235,6,9,F,32,/players/jeff/green/201145
201933,1610612746,Blake,Griffin,251,6,10,F,32,/players/blake/griffin/201933
203547,1610612762,Eric,Griffin,205,6,8,C-F,17,/players/eric/griffin/203547
1627772,1610612760,Daniel,Hamilton,195,6,7,G,25,/players/daniel/hamilton/1627772
1627773,1610612748,AJ,Hammons,260,7,0,C,4,/players/aj/hammons/1627773
203501,1610612752,Tim,Hardaway Jr.,205,6,6,F-G,3,/players/tim/hardaway_jr./203501
201935,1610612745,James,Harden,220,6,5,G,13,/players/james/harden/201935
203090,1610612757,Maurice,Harkless,220,6,9,F,4,/players/maurice/harkless/203090
1626149,1610612746,Montrezl,Harrell,240,6,8,F-C,5,/players/montrezl/harrell/1626149
2734,1610612742,Devin,Harris,185,6,3,G,34,/players/devin/harris/2734
203914,1610612743,Gary,Harris,210,6,4,G,14,/players/gary/harris/203914
203925,1610612751,Joe,Harris,219,6,6,G,12,/players/joe/harris/203925
1626150,1610612763,Andrew,Harrison,213,6,6,G,5,/players/andrew/harrison/1626150
202699,1610612765,Tobias,Harris,235,6,9,F,34,/players/tobias/harris/202699
1628404,1610612747,Josh,Hart,215,6,5,G,5,/players/josh/hart/1628404
2617,1610612748,Udonis,Haslem,235,6,8,F,40,/players/udonis/haslem/2617
202330,1610612738,Gordon,Hayward,226,6,8,F,20,/players/gordon/hayward/202330
203089,1610612749,John,Henson,229,6,11,F-C,31,/players/john/henson/203089
1627823,1610612743,Juan,Hernangomez,230,6,9,F,41,/players/juan/hernangomez/1627823
1626195,1610612752,Willy,Hernangomez,240,6,11,C,14,/players/willy/hernangomez/1626195
1626209,1610612753,Mario,Hezonja,218,6,8,G-F,8,/players/mario/hezonja/1626209
1628439,1610612752,Isaiah,Hicks,242,6,9,F,4,/players/isaiah/hicks/1628439
1627741,1610612758,Buddy,Hield,214,6,4,G,24,/players/buddy/hield/1627741
201588,1610612758,George,Hill,188,6,3,G,3,/players/george/hill/201588
1626199,1610612759,Darrun,Hilliard,220,6,6,G,24,/players/darrun/hilliard/1626199
203524,1610612740,Solomon,Hill,225,6,7,F,44,/players/solomon/hill/203524
201950,1610612740,Jrue,Holiday,205,6,4,G,11,/players/jrue/holiday/201950
203200,1610612741,Justin,Holiday,185,6,6,G,7,/players/justin/holiday/203200
204066,1610612739,John,Holland,205,6,5,G-F,10,/players/john/holland/204066
1626178,1610612751,Rondae,Hollis-Jefferson,214,6,7,F,24,/players/rondae/hollis-jefferson/1626178
1626158,1610612755,Richaun,Holmes,235,6,10,F-C,22,/players/richaun/holmes/1626158
203918,1610612762,Rodney,Hood,206,6,8,G,5,/players/rodney/hood/203918
201143,1610612738,Al,Horford,245,6,10,F-C,42,/players/al/horford/201143
2730,1610612766,Dwight,Howard,265,6,11,C,12,/players/dwight/howard/2730
203962,1610612760,Josh,Huestis,230,6,7,F,34,/players/josh/huestis/203962
1626205,1610612763,Vincent,Hunter,208,6,8,F,32,/players/vincent/hunter/1626205
201586,1610612761,Serge,Ibaka,235,6,10,F,9,/players/serge/ibaka/201586
2738,1610612744,Andre,Iguodala,215,6,6,G-F,9,/players/andre/iguodala/2738
101141,1610612737,Ersan,Ilyasova,235,6,10,F,7,/players/ersan/ilyasova/101141
204060,1610612762,Joe,Ingles,226,6,8,F,2,/players/joe/ingles/204060
1627742,1610612747,Brandon,Ingram,190,6,9,F-G,14,/players/brandon/ingram/1627742
202681,1610612738,Kyrie,Irving,193,6,3,G,11,/players/kyrie/irving/202681
1628371,1610612753,Jonathan,Isaac,210,6,10,F,1,/players/jonathan/isaac/1628371
1628411,1610612753,Wes,Iwundu,195,6,7,F,25,/players/wes/iwundu/1628411
101127,1610612752,Jarrett,Jack,200,6,3,G,55,/players/jarrett/jack/101127
1627743,1610612745,Demetrius,Jackson,201,6,1,G,2,/players/demetrius/jackson/1627743
1628402,1610612740,Frank,Jackson,205,6,3,G,15,/players/frank/jackson/1628402
1628367,1610612756,Josh,Jackson,200,6,8,F,20,/players/josh/jackson/1628367
1628382,1610612758,Justin,Jackson,210,6,8,F,25,/players/justin/jackson/1628382
202704,1610612765,Reggie,Jackson,208,6,3,G,1,/players/reggie/jackson/202704
2544,1610612739,LeBron,James,250,6,8,F-G,23,/players/lebron/james/2544
1628455,1610612756,Mike,James,195,6,1,G,55,/players/mike/james/1628455
2744,1610612754,Al,Jefferson,280,6,10,C,25,/players/al/jefferson/2744
2210,1610612743,Richard,Jefferson,233,6,7,F,22,/players/richard/jefferson/2210
201973,1610612762,Jonas,Jerebko,231,6,10,F,8,/players/jonas/jerebko/201973
101161,1610612755,Amir,Johnson,240,6,9,F-C,5,/players/amir/johnson/101161
1627744,1610612746,Brice,Johnson,230,6,10,F,11,/players/brice/johnson/1627744
1626177,1610612760,Dakari,Johnson,255,7,0,C,44,/players/dakari/johnson/1626177
201949,1610612748,James,Johnson,240,6,8,F,16,/players/james/johnson/201949
2207,1610612762,Joe,Johnson,240,6,7,G-F,6,/players/joe/johnson/2207
1626169,1610612765,Stanley,Johnson,245,6,7,F,7,/players/stanley/johnson/1626169
204020,1610612748,Tyler,Johnson,190,6,4,G,8,/players/tyler/johnson/204020
202325,1610612746,Wesley,Johnson,215,6,7,F,33,/players/wesley/johnson/202325
203999,1610612743,Nikola,Jokic,250,6,10,C,15,/players/nikola/jokic/203999
1627884,1610612756,Derrick,Jones Jr.,195,6,7,F-G,10,/players/derrick/jones_jr./1627884
1627745,1610612744,Damian,Jones,245,7,0,C,15,/players/damian/jones/1627745
1627883,1610612740,Jalen,Jones,220,6,7,F,12,/players/jalen/jones/1627883
1626145,1610612750,Tyus,Jones,184,6,2,G,1,/players/tyus/jones/1626145
201599,1610612746,DeAndre,Jordan,265,6,11,C,6,/players/deandre/jordan/201599
202709,1610612754,Cory,Joseph,190,6,3,G,6,/players/cory/joseph/202709
1626163,1610612766,Frank,Kaminsky,242,7,0,F-C,44,/players/frank/kaminsky/1626163
202683,1610612752,Enes,Kanter,245,6,11,C,0,/players/enes/kanter/202683
1628379,1610612765,Luke,Kennard,200,6,5,G,5,/players/luke/kennard/1628379
203077,1610612766,Michael,Kidd-Gilchrist,232,6,7,F,14,/players/michael/kidd-gilchrist/203077
203930,1610612751,Sean,Kilpatrick,212,6,4,G,6,/players/sean/kilpatrick/203930
1628467,1610612742,Maxi,Kleber,220,6,11,F,42,/players/maxi/kleber/1628467
202688,1610612756,Brandon,Knight,195,6,3,G,11,/players/brandon/knight/202688
1627788,1610612755,Furkan,Korkmaz,190,6,7,G-F,30,/players/furkan/korkmaz/1627788
1628436,1610612752,Luke,Kornet,250,7,1,F-C,2,/players/luke/kornet/1628436
2594,1610612739,Kyle,Korver,212,6,7,G,26,/players/kyle/korver/2594
201585,1610612758,Kosta,Koufos,265,7,0,C,41,/players/kosta/koufos/201585
1628398,1610612747,Kyle,Kuzma,220,6,9,F,0,/players/kyle/kuzma/1628398
1627746,1610612758,Skal,Labissiere,225,6,11,F-C,7,/players/skal/labissiere/1627746
203087,1610612766,Jeremy,Lamb,185,6,5,G,3,/players/jeremy/lamb/203087
203499,1610612738,Shane,Larkin,175,5,11,G,8,/players/shane/larkin/203499
203530,1610612759,Joffrey,Lauvergne,260,6,11,C,77,/players/joffrey/lauvergne/203530
203897,1610612741,Zach,LaVine,185,6,5,G,8,/players/zach/lavine/203897
1627774,1610612757,Jake,Layman,210,6,9,F,10,/players/jake/layman/1627774
1628388,1610612754,TJ,Leaf,230,6,10,F,22,/players/tj/leaf/1628388
201584,1610612752,Courtney,Lee,200,6,5,G,5,/players/courtney/lee/201584
203458,1610612756,Alex,Len,250,7,1,C,21,/players/alex/len/203458
202695,1610612759,Kawhi,Leonard,230,6,7,F,2,/players/kawhi/leonard/202695
203086,1610612757,Meyers,Leonard,255,7,1,C,11,/players/meyers/leonard/203086
202720,1610612765,Jon,Leuer,228,6,10,F-C,30,/players/jon/leuer/202720
1627747,1610612751,Caris,LeVert,203,6,7,G-F,22,/players/caris/levert/1627747
202732,1610612749,DeAndre,Liggins,209,6,6,G,25,/players/deandre/liggins/202732
203081,1610612757,Damian,Lillard,195,6,3,G,0,/players/damian/lillard/203081
202391,1610612751,Jeremy,Lin,200,6,3,G,7,/players/jeremy/lin/202391
2733,1610612744,Shaun,Livingston,192,6,7,G,34,/players/shaun/livingston/2733
1626172,1610612744,Kevon,Looney,220,6,9,F,5,/players/kevon/looney/1626172
201572,1610612747,Brook,Lopez,268,7,0,C,11,/players/brook/lopez/201572
201577,1610612741,Robin,Lopez,277,7,0,C,42,/players/robin/lopez/201577
201567,1610612739,Kevin,Love,251,6,10,F-C,0,/players/kevin/love/201567
200768,1610612761,Kyle,Lowry,205,6,0,G,7,/players/kyle/lowry/200768
1627789,1610612755,Timothe,Luwawu-Cabarrot,200,6,6,G-F,7,/players/timothe/luwawu-cabarrot/1627789
1628399,1610612743,Tyler,Lydon,220,6,9,F,20,/players/tyler/lydon/1628399
1626168,1610612743,Trey,Lyles,234,6,10,F,7,/players/trey/lyles/1626168
202714,1610612753,Shelvin,Mack,203,6,3,G,7,/players/shelvin/mack/202714
1627815,1610612764,Sheldon,Mac,200,6,6,G-F,9,/players/sheldon/mac/1627815
203705,1610612737,Josh,Magette,160,6,1,G,11,/players/josh/magette/203705
101133,1610612764,Ian,Mahinmi,262,6,11,C,28,/players/ian/mahinmi/101133
1627748,1610612749,Thon,Maker,223,7,1,C-F,7,/players/thon/maker/1627748
1626246,1610612765,Boban,Marjanovic,290,7,3,C,51,/players/boban/marjanovic/1626246
1628374,1610612741,Lauri,Markkanen,230,7,0,F,24,/players/lauri/markkanen/1628374
1626185,1610612763,Jarell,Martin,239,6,10,F,1,/players/jarell/martin/1626185
1628412,1610612758,Frank,Mason,190,5,11,G,10,/players/frank/mason/1628412
1628493,1610612766,Mangok,Mathiang,230,6,10,F-C,9,/players/mangok/mathiang/1628493
202083,1610612742,Wesley,Matthews,220,6,5,G-F,23,/players/wesley/matthews/202083
201601,1610612745,Luc,Mbah a Moute,230,6,8,F,12,/players/luc/mbah_a_moute/201601
203949,1610612755,James Michael,McAdoo,230,6,9,F,14,/players/james_michael/mcadoo/203949
1627775,1610612744,Patrick,McCaw,185,6,7,G,0,/players/patrick/mccaw/1627775
203468,1610612757,CJ,McCollum,190,6,3,G,3,/players/cj/mccollum/203468
204456,1610612755,T.J.,McConnell,190,6,2,G,12,/players/t.j./mcconnell/204456
1626191,1610612764,Chris,McCullough,215,6,9,F,1,/players/chris/mccullough/1626191
203926,1610612752,Doug,McDermott,219,6,8,F,20,/players/doug/mcdermott/203926
201580,1610612744,JaVale,McGee,270,7,0,C,1,/players/javale/mcgee/201580
203585,1610612748,Rodney,McGruder,200,6,4,G-F,17,/players/rodney/mcgruder/203585
1628035,1610612761,Alfonzo,McKinnie,215,6,8,F,34,/players/alfonzo/mckinnie/1628035
203463,1610612763,Ben,McLemore,195,6,5,G,23,/players/ben/mclemore/203463
201177,1610612742,Josh,McRoberts,240,6,10,F-C,13,/players/josh/mcroberts/201177
201975,1610612764,Jodie,Meeks,210,6,4,G,20,/players/jodie/meeks/201975
1626257,1610612742,Salah,Mejri,235,7,2,C,50,/players/salah/mejri/1626257
1626175,1610612748,Jordan,Mickey,235,6,8,C-F,25,/players/jordan/mickey/1626175
203114,1610612749,Khris,Middleton,234,6,8,F,22,/players/khris/middleton/203114
101139,1610612761,CJ,Miles,225,6,6,F-G,0,/players/cj/miles/101139
203121,1610612740,Darius,Miller,225,6,8,F,21,/players/darius/miller/203121
1626259,1610612761,Malcolm,Miller,210,6,7,F,13,/players/malcolm/miller/1626259
200794,1610612743,Paul,Millsap,246,6,8,F,4,/players/paul/millsap/200794
201988,1610612759,Patty,Mills,185,6,0,G,8,/players/patty/mills/201988
202703,1610612741,Nikola,Mirotic,238,6,10,F,44,/players/nikola/mirotic/202703
1628378,1610612762,Donovan,Mitchell,215,6,3,G,45,/players/donovan/mitchell/1628378
1628370,1610612766,Malik,Monk,200,6,3,G,1,/players/malik/monk/1628370
202328,1610612756,Greg,Monroe,265,6,11,C-F,14,/players/greg/monroe/202328
1626242,1610612765,Luis,Montero,200,6,7,G,44,/players/luis/montero/1626242
202734,1610612740,E'Twaun,Moore,191,6,4,G,55,/players/e'twaun/moore/202734
203961,1610612765,Eric,Moreland,238,6,10,F-C,24,/players/eric/moreland/203961
202694,1610612738,Marcus,Morris,235,6,9,F,13,/players/marcus/morris/202694
202693,1610612764,Markieff,Morris,245,6,10,F,5,/players/markieff/morris/202693
1628420,1610612743,Monte,Morris,175,6,3,G,11,/players/monte/morris/1628420
1628405,1610612742,Johnathan,Motley,230,6,10,F,6,/players/johnathan/motley/1628405
202389,1610612751,Timofey,Mozgov,275,7,1,C,20,/players/timofey/mozgov/202389
1626144,1610612743,Emmanuel,Mudiay,200,6,5,G,0,/players/emmanuel/mudiay/1626144
203498,1610612750,Shabazz,Muhammad,221,6,6,G-F,15,/players/shabazz/muhammad/203498
1627749,1610612759,Dejounte,Murray,170,6,5,G,5,/players/dejounte/murray/1627749
1627750,1610612743,Jamal,Murray,207,6,4,G,27,/players/jamal/murray/1627750
203488,1610612737,Mike,Muscala,240,6,11,F-C,31,/players/mike/muscala/203488
1627846,1610612738,Abdel,Nader,230,6,6,F,28,/players/abdel/nader/1627846
1626204,1610612747,Larry,Nance Jr.,230,6,9,F,7,/players/larry/nance_jr./1626204
203894,1610612757,Shabazz,Napier,175,6,1,G,6,/players/shabazz/napier/203894
2749,1610612740,Jameer,Nelson,190,6,0,G,14,/players/jameer/nelson/2749
2403,1610612745,Nene,,250,6,11,C-F,42,/players/nene/2403
203526,1610612762,Raul,Neto,179,6,1,G,25,/players/raul/neto/203526
201149,1610612752,Joakim,Noah,230,6,11,C,13,/players/joakim/noah/201149
203457,1610612742,Nerlens,Noel,220,6,11,C,3,/players/nerlens/noel/203457
203512,1610612761,Lucas,Nogueira,220,7,0,C,92,/players/lucas/nogueira/203512
1717,1610612742,Dirk,Nowitzki,245,7,0,F-C,41,/players/dirk/nowitzki/1717
1628373,1610612752,Frank,Ntilikina,190,6,5,G,11,/players/frank/ntilikina/1628373
203994,1610612757,Jusuf,Nurkic,280,7,0,C,27,/players/jusuf/nurkic/203994
1628021,1610612741,David,Nwaba,209,6,4,G,11,/players/david/nwaba/1628021
203948,1610612766,Johnny,O'Bryant III,257,6,9,F,8,/players/johnny/o'bryant_iii/203948
1626220,1610612762,Royce,O'Neale,226,6,6,F,23,/players/royce/o'neale/1626220
203124,1610612752,Kyle,O'Quinn,250,6,10,C-F,9,/players/kyle/o'quinn/203124
1628400,1610612738,Semi,Ojeleye,235,6,7,F,37,/players/semi/ojeleye/1628400
1626143,1610612755,Jahlil,Okafor,260,6,11,C,8,/players/jahlil/okafor/1626143
203506,1610612754,Victor,Oladipo,210,6,4,G,4,/players/victor/oladipo/203506
203482,1610612748,Kelly,Olynyk,245,7,0,C-F,9,/players/kelly/olynyk/203482
1627778,1610612745,Chinanu,Onuaku,245,6,10,C,21,/players/chinanu/onuaku/1627778
1626224,1610612739,Cedi,Osman,215,6,8,F,16,/players/cedi/osman/1626224
1628473,1610612751,Yakuba,Ouattara,220,6,4,G,0,/players/yakuba/ouattara/1628473
1626162,1610612764,Kelly,Oubre Jr.,205,6,7,F,12,/players/kelly/oubre_jr./1626162
2585,1610612744,Zaza,Pachulia,270,6,11,C,27,/players/zaza/pachulia/2585
1627779,1610612766,Marcus,Paige,164,6,0,G,4,/players/marcus/paige/1627779
1627834,1610612758,Georgios,Papagiannis,240,7,1,C,13,/players/georgios/papagiannis/1627834
203953,1610612749,Jabari,Parker,250,6,8,F,12,/players/jabari/parker/203953
2225,1610612759,Tony,Parker,185,6,2,G,9,/players/tony/parker/2225
202718,1610612763,Chandler,Parsons,230,6,10,F,25,/players/chandler/parsons/202718
202335,1610612760,Patrick,Patterson,230,6,9,F,54,/players/patrick/patterson/202335
1628383,1610612750,Justin,Patton,236,7,0,C,24,/players/justin/patton/1628383
203464,1610612759,Brandon,Paul,200,6,4,G,3,/players/brandon/paul/203464
101108,1610612745,Chris,Paul,175,6,0,G,3,/players/chris/paul/101108
203940,1610612753,Adreian,Payne,237,6,10,F,33,/players/adreian/payne/203940
1626166,1610612741,Cameron,Payne,185,6,3,G,22,/players/cameron/payne/1626166
1627780,1610612749,Gary,Payton II,190,6,3,G,0,/players/gary/payton_ii/1627780
203901,1610612753,Elfrid,Payton,185,6,4,G,2,/players/elfrid/payton/203901
1628506,1610612739,London,Perrantes,190,6,2,G,15,/players/london/perrantes/1628506
1628409,1610612756,Alec,Peters,235,6,9,F,25,/players/alec/peters/1628409
203486,1610612743,Mason,Plumlee,255,6,11,C-F,24,/players/mason/plumlee/203486
203101,1610612737,Miles,Plumlee,249,6,11,C,18,/players/miles/plumlee/203101
1627751,1610612761,Jakob,Poeltl,230,7,0,C,42,/players/jakob/poeltl/1627751
202347,1610612741,Quincy,Pondexter,225,6,7,G,20,/players/quincy/pondexter/202347
203490,1610612764,Otto,Porter Jr.,198,6,8,F,22,/players/otto/porter_jr./203490
1626171,1610612741,Bobby,Portis,248,6,11,F,5,/players/bobby/portis/1626171
204001,1610612752,Kristaps,Porzingis,240,7,3,F-C,6,/players/kristaps/porzingis/204001
203939,1610612742,Dwight,Powell,240,6,11,F-C,7,/players/dwight/powell/203939
1626181,1610612761,Norman,Powell,215,6,4,F-G,24,/players/norman/powell/1626181
1627816,1610612754,Alex,Poythress,235,6,9,F,0,/players/alex/poythress/1627816
1627752,1610612737,Taurean,Prince,220,6,8,F,12,/players/taurean/prince/1627752
1626643,1610612755,Jacob,Pullen,200,6,1,G,0,/players/jacob/pullen/1626643
1627753,1610612745,Zhou,Qi,210,7,1,F-C,9,/players/zhou/qi/1627753
1628397,1610612763,Ivan,Rabb,220,6,10,F,10,/players/ivan/rabb/1628397
203944,1610612747,Julius,Randle,250,6,9,F-C,30,/players/julius/randle/203944
2216,1610612758,Zach,Randolph,250,6,9,F,50,/players/zach/randolph/2216
200755,1610612755,JJ,Redick,200,6,4,F-G,17,/players/jj/redick/200755
1628432,1610612756,Davon,Reed,210,6,6,G,32,/players/davon/reed/1628432
203186,1610612746,Willie,Reed,245,6,11,C,35,/players/willie/reed/203186
1626196,1610612748,Josh,Richardson,200,6,6,F,0,/players/josh/richardson/1626196
1627781,1610612758,Malachi,Richardson,205,6,6,G,23,/players/malachi/richardson/1627781
203085,1610612746,Austin,Rivers,200,6,4,G,25,/players/austin/rivers/203085
203460,1610612760,Andre,Roberson,210,6,7,G,21,/players/andre/roberson/203460
203922,1610612754,Glenn,Robinson III,215,6,7,G-F,40,/players/glenn/robinson_iii/203922
1628421,1610612764,Devin,Robinson,200,6,8,F,7,/players/devin/robinson/1628421
200765,1610612740,Rajon,Rondo,186,6,1,G,9,/players/rajon/rondo/200765
201565,1610612739,Derrick,Rose,190,6,3,G,1,/players/derrick/rose/201565
203082,1610612753,Terrence,Ross,206,6,7,G-F,31,/players/terrence/ross/203082
1626179,1610612738,Terry,Rozier,190,6,2,G,12,/players/terry/rozier/1626179
201937,1610612762,Ricky,Rubio,190,6,4,G,3,/players/ricky/rubio/201937
1626156,1610612751,D'Angelo,Russell,195,6,5,G,1,/players/d'angelo/russell/1626156
1627734,1610612754,Domantas,Sabonis,252,6,10,C-F,11,/players/domantas/sabonis/1627734
203960,1610612758,JaKarr,Sampson,207,6,9,F,29,/players/jakarr/sampson/203960
203967,1610612755,Dario,Saric,223,6,10,F,9,/players/dario/saric/203967
203107,1610612764,Tomas,Satoransky,210,6,7,F-G,31,/players/tomas/satoransky/203107
203471,1610612737,Dennis,Schroder,172,6,1,G,17,/players/dennis/schroder/203471
203118,1610612764,Mike,Scott,237,6,8,F,30,/players/mike/scott/203118
200757,1610612762,Thabo,Sefolosha,220,6,7,F,22,/players/thabo/sefolosha/200757
1627782,1610612763,Wayne,Selden,230,6,5,G-F,7,/players/wayne/selden/1627782
201196,1610612752,Ramon,Sessions,190,6,3,G,1,/players/ramon/sessions/201196
202697,1610612739,Iman,Shumpert,220,6,5,G,4,/players/iman/shumpert/202697
1627783,1610612761,Pascal,Siakam,230,6,9,F,43,/players/pascal/siakam/1627783
1627732,1610612755,Ben,Simmons,230,6,10,G-F,25,/players/ben/simmons/1627732
203613,1610612753,Jonathon,Simmons,195,6,6,F,17,/players/jonathon/simmons/203613
1628424,1610612763,Kobi,Simmons,170,6,4,G,2,/players/kobi/simmons/1628424
202713,1610612760,Kyle,Singler,228,6,8,F,15,/players/kyle/singler/202713
203935,1610612738,Marcus,Smart,220,6,4,G,36,/players/marcus/smart/203935
1628372,1610612742,Dennis,Smith Jr.,195,6,3,G,1,/players/dennis/smith_jr./1628372
202397,1610612765,Ish,Smith,175,6,0,G,14,/players/ish/smith/202397
201160,1610612764,Jason,Smith,240,7,0,F-C,14,/players/jason/smith/201160
2747,1610612739,JR,Smith,225,6,6,G-F,5,/players/jr/smith/2747
203503,1610612749,Tony,Snell,221,6,7,G,21,/players/tony/snell/203503
201578,1610612753,Marreese,Speights,255,6,10,F-C,5,/players/marreese/speights/201578
203917,1610612755,Nik,Stauskas,205,6,6,G,11,/players/nik/stauskas/203917
202362,1610612754,Lance,Stephenson,230,6,6,G,1,/players/lance/stephenson/202362
202933,1610612766,Julyan,Stone,200,6,6,G,32,/players/julyan/stone/202933
1628410,1610612754,Edmond,Sumner,188,6,5,G,5,/players/edmond/sumner/1628410
1628403,1610612757,Caleb,Swanigan,250,6,8,F-C,50,/players/caleb/swanigan/1628403
1628369,1610612738,Jayson,Tatum,205,6,8,F,0,/players/jayson/tatum/1628369
1627819,1610612737,Isaiah,Taylor,170,6,3,G,22,/players/isaiah/taylor/1627819
201952,1610612750,Jeff,Teague,189,6,2,G,0,/players/jeff/teague/201952
203141,1610612749,Mirza,Teletovic,242,6,9,F,35,/players/mirza/teletovic/203141
202066,1610612758,Garrett,Temple,195,6,6,G,17,/players/garrett/temple/202066
1628462,1610612746,Milos,Teodosic,196,6,5,G,4,/players/milos/teodosic/1628462
1891,1610612749,Jason,Terry,185,6,2,G,3,/players/jason/terry/1891
1628464,1610612738,Daniel,Theis,243,6,9,F-C,27,/players/daniel/theis/1628464
202738,1610612739,Isaiah,Thomas,185,5,9,G,3,/players/isaiah/thomas/202738
202498,1610612752,Lance,Thomas,235,6,8,F,42,/players/lance/thomas/202498
202691,1610612744,Klay,Thompson,215,6,7,G,11,/players/klay/thompson/202691
202684,1610612739,Tristan,Thompson,238,6,9,C-F,13,/players/tristan/thompson/202684
1628414,1610612746,Sindarius,Thornwell,215,6,5,G,0,/players/sindarius/thornwell/1628414
201229,1610612765,Anthony,Tolliver,240,6,8,F,43,/players/anthony/tolliver/201229
1626157,1610612750,Karl-Anthony,Towns,248,7,0,C,32,/players/karl-anthony/towns/1626157
200782,1610612745,PJ,Tucker,245,6,6,F,4,/players/pj/tucker/200782
202323,1610612757,Evan,Turner,220,6,7,G-F,1,/players/evan/turner/202323
1626167,1610612754,Myles,Turner,255,6,11,C,33,/players/myles/turner/1626167
202327,1610612762,Ekpe,Udoh,245,6,10,C-F,33,/players/ekpe/udoh/202327
1627755,1610612756,Tyler,Ulis,160,5,10,G,8,/players/tyler/ulis/1627755
202685,1610612761,Jonas,Valanciunas,255,7,0,C,17,/players/jonas/valanciunas/202685
1627756,1610612741,Denzel,Valentine,214,6,6,F,45,/players/denzel/valentine/1627756
1627832,1610612761,Fred,VanVleet,195,6,0,G,23,/players/fred/vanvleet/1627832
1626173,1610612749,Rashad,Vaughn,202,6,6,G,20,/players/rashad/vaughn/1626173
203943,1610612757,Noah,Vonleh,245,6,9,F,21,/players/noah/vonleh/203943
202696,1610612753,Nikola,Vucevic,260,7,0,C,9,/players/nikola/vucevic/202696
2548,1610612739,Dwyane,Wade,220,6,4,G,9,/players/dwyane/wade/2548
203079,1610612748,Dion,Waiters,215,6,4,G,11,/players/dion/waiters/203079
202689,1610612766,Kemba,Walker,184,6,1,G,15,/players/kemba/walker/202689
202322,1610612764,John,Wall,210,6,4,G,2,/players/john/wall/202322
1628476,1610612748,Derrick,Walton Jr.,185,6,1,G,14,/players/derrick/walton_jr./1628476
203933,1610612756,TJ,Warren,215,6,8,F,12,/players/tj/warren/203933
1627362,1610612745,Briante,Weber,165,6,2,G,0,/players/briante/weber/1627362
201566,1610612760,Russell,Westbrook,200,6,3,G,0,/players/russell/westbrook/201566
2561,1610612744,David,West,250,6,9,F,3,/players/david/west/2561
1628401,1610612759,Derrick,White,190,6,4,G,4,/players/derrick/white/1628401
1627785,1610612751,Isaiah,Whitehead,213,6,4,G,15,/players/isaiah/whitehead/1627785
1627855,1610612748,Okaro,White,215,6,8,F,15,/players/okaro/white/1627855
202355,1610612748,Hassan,Whiteside,265,7,0,C,21,/players/hassan/whiteside/202355
203952,1610612750,Andrew,Wiggins,202,6,8,F,22,/players/andrew/wiggins/203952
203912,1610612757,CJ,Wilcox,195,6,5,G,23,/players/cj/wilcox/203912
1628451,1610612751,Jacob,Wiley,223,6,8,F,21,/players/jacob/wiley/1628451
2863,1610612754,Damien,Wilkins,217,6,6,G-F,12,/players/damien/wilkins/2863
1628475,1610612748,Matt,Williams Jr.,210,6,5,G,12,/players/matt/williams_jr./1628475
1626210,1610612756,Alan,Williams,265,6,8,F-C,15,/players/alan/williams/1626210
203710,1610612746,C.J.,Williams,230,6,5,G,9,/players/c.j./williams/203710
101150,1610612746,Lou,Williams,175,6,1,G,23,/players/lou/williams/101150
101107,1610612766,Marvin,Williams,237,6,9,F,2,/players/marvin/williams/101107
1627786,1610612745,Troy,Williams,218,6,7,F,5,/players/troy/williams/1627786
1628391,1610612749,D.J.,Wilson,236,6,10,F,5,/players/d.j./wilson/1628391
203966,1610612746,Jamil,Wilson,229,6,7,F,13,/players/jamil/wilson/203966
1626159,1610612748,Justise,Winslow,225,6,7,F,20,/players/justise/winslow/1626159
203481,1610612742,Jeff,Withey,230,7,0,C,17,/players/jeff/withey/203481
203489,1610612762,Nate,Wolters,190,6,4,G,16,/players/nate/wolters/203489
201148,1610612763,Brandan,Wright,235,6,10,F-C,34,/players/brandan/wright/201148
1626153,1610612761,Delon,Wright,190,6,5,G,55,/players/delon/wright/1626153
1627824,1610612738,Guerschon,Yabusele,260,6,8,F,30,/players/guerschon/yabusele/1627824
1626202,1610612754,Joe,Young,185,6,2,G,3,/players/joe/young/1626202
1628454,1610612764,Mike,Young,235,6,9,F,4,/players/mike/young/1628454
201156,1610612744,Nick,Young,210,6,7,G-F,6,/players/nick/young/201156
201152,1610612754,Thaddeus,Young,230,6,8,F,21,/players/thaddeus/young/201152
203469,1610612766,Cody,Zeller,240,7,0,C-F,40,/players/cody/zeller/203469
203092,1610612751,Tyler,Zeller,250,7,0,C,44,/players/tyler/zeller/203092
1627835,1610612741,Paul,Zipser,226,6,8,F,16,/players/paul/zipser/1627835
1627790,1610612739,Ante,Zizic,250,6,11,F-C,41,/players/ante/zizic/1627790
1627826,1610612747,Ivica,Zubac,240,7,1,C,40,/players/ivica/zubac/1627826